email_id,email,unique_customer_id
1,1962964707014850@email.com,1
2,7506642554706270@email.com,2
3,6914600275352120@email.com,2
4,1953991993791200@email.com,2
5,5656384438234260@email.com,2
6,6162665423336610@email.com,2
7,6798002106114080@email.com,3
8,7744769131127960@email.com,4
9,6914600275352120@email.com,4
10,1953991993791200@email.com,4
11,5656384438234260@email.com,4
12,6292596608463100@email.com,4
13,8243265971452140@email.com,4
14,7837831007412680@email.com,5
15,7329080195851530@email.com,6
16,4626276609901610@email.com,7
17,7660905626952430@email.com,8
18,2300781720960270@email.com,9
19,7280267372617830@email.com,10
20,9372230414813520@email.com,10
21,3945479222194850@email.com,10
22,5890770180355240@email.com,10
23,7176042261036360@email.com,11
24,1424399615781160@email.com,11
25,9556141181257910@email.com,12
26,1481931841364930@email.com,12
27,3216343461769240@email.com,12
28,2897290711243260@email.com,12
29,9208217667240910@email.com,12
30,1330237473215340@email.com,13
31,1924918543887010@email.com,14
32,1204206841413000@email.com,15
33,6511155204997350@email.com,16
34,7627926921661380@email.com,17
35,2473357658142460@email.com,17
36,4922199785218330@email.com,18
37,8739453025137260@email.com,18
38,6507373245063390@email.com,18
39,8224969018722630@email.com,19
40,7943283098557360@email.com,20
41,3014586854156520@email.com,21
42,8429969167829670@email.com,22
43,2808718597936570@email.com,22
44,8560144164615180@email.com,23
45,7298121096226070@email.com,24
46,6560420728971590@email.com,25
47,2838826659992040@email.com,25
48,2458813328347310@email.com,25
49,8246763544573440@email.com,26
50,4714003210975640@email.com,27
51,3388312679203730@email.com,28
52,2754933005856680@email.com,29
53,4058063749582280@email.com,30
54,9823389837314310@email.com,30
55,9563272447554740@email.com,30
56,9726834416405560@email.com,31
57,9042957148176830@email.com,31
58,6899520223236120@email.com,31
59,6971821052397740@email.com,32
60,8420739108605650@email.com,32
61,6971821052397740@email.com,33
62,8002386857984660@email.com,34
63,9132790431197890@email.com,35
64,7001741967625800@email.com,36
65,1554168277045570@email.com,36
66,9482181274192620@email.com,37
67,5591429697661170@email.com,38
68,8622587940276940@email.com,39
69,5183790326066550@email.com,40
70,9132416512156570@email.com,41
71,2280355322017760@email.com,41
72,4163955030093260@email.com,42
73,4317875752890460@email.com,42
74,6767997315304130@email.com,43
75,4302688018581860@email.com,44
76,2549481896630060@email.com,44
77,4160603827878770@email.com,45
78,4266207833013020@email.com,46
79,4280660664787980@email.com,47
80,5679578553748440@email.com,48
81,9137133160244620@email.com,49
82,2224573583304220@email.com,50
83,8308086644756650@email.com,50
84,7836940229957900@email.com,50
85,8080515946751410@email.com,51
86,8703485182919120@email.com,51
87,7647566554774830@email.com,51
88,4167503923946980@email.com,51
89,1367405720870690@email.com,52
90,7293286041527960@email.com,52
91,6133060289359780@email.com,53
92,4527711473039470@email.com,54
93,1651813326330190@email.com,54
94,9955007155494390@email.com,54
95,4238726254432860@email.com,55
96,6677959245357660@email.com,55
97,1705737630790340@email.com,55
98,9042957148176830@email.com,56
99,7959028158672470@email.com,57
100,2071478870654200@email.com,58
101,3647429759759680@email.com,59
102,7261431305375320@email.com,59
103,6707379891035850@email.com,59
104,5050929317783960@email.com,60
105,4629096678067080@email.com,61
106,4867827232048980@email.com,61
107,4183517550211810@email.com,62
108,8137310614051880@email.com,63
109,9391869507850510@email.com,63
110,5240877472067190@email.com,64
111,7986389759630190@email.com,65
112,1109878916772480@email.com,66
113,4595961548474190@email.com,67
114,8626773291568460@email.com,67
115,4073285367646190@email.com,67
116,4138259859747250@email.com,67
117,7176042261036360@email.com,68
118,7031167645204790@email.com,69
119,5425781969647250@email.com,69
120,8533748707501850@email.com,70
121,2255752191618510@email.com,71
122,5414941184996500@email.com,71
123,8994772777467550@email.com,71
124,3922233495182260@email.com,71
125,3619220581058150@email.com,72
126,9822951148404040@email.com,72
127,3737985456920970@email.com,72
128,9218362103509770@email.com,72
129,3497930329861670@email.com,73
130,2682967562848870@email.com,74
131,2793870767412500@email.com,74
132,9138870738617000@email.com,74
133,8926123079708980@email.com,75
134,9332401616224420@email.com,76
135,9306174944035880@email.com,77
136,1683002367187650@email.com,78
137,1633153332012260@email.com,78
138,3799378042317790@email.com,79
139,5913202657507930@email.com,79
140,7431882793525360@email.com,79
141,6043759559802720@email.com,79
142,5481980987189060@email.com,80
143,6377444986700810@email.com,80
144,6668019494284390@email.com,81
145,6141991938352510@email.com,81
146,8504942407698350@email.com,81
147,8387688936876110@email.com,81
148,9551247007278660@email.com,81
149,1027096276757120@email.com,81
150,3942498952173360@email.com,82
151,7769370294412760@email.com,83
152,9443380026148910@email.com,83
153,9459977644064330@email.com,83
154,7086133121228910@email.com,83
155,3901425834725810@email.com,84
156,8418433176122030@email.com,85
157,9289320965073700@email.com,86
158,5007110512398830@email.com,87
159,5896100768889820@email.com,87
160,5057321117567880@email.com,88
161,1092309849485940@email.com,89
162,8699305797861290@email.com,89
163,9186594442091170@email.com,90
164,5725365918232610@email.com,91
165,1987634023356620@email.com,92
166,2364745049026420@email.com,93
167,1033496192402450@email.com,94
168,9058161106751890@email.com,94
169,5748589109705770@email.com,94
170,2649449603236030@email.com,95
171,3733638396529020@email.com,96
172,2979844644980030@email.com,97
173,2508482171152150@email.com,97
174,5312626084588510@email.com,98
175,7667128087854820@email.com,99
176,3119686456535730@email.com,100
177,3481633830749250@email.com,100
178,5121574263543250@email.com,101
179,1218307478731440@email.com,101
180,9557045461462960@email.com,102
181,9197948777179100@email.com,103
182,9525116084681430@email.com,103
183,3106511636617570@email.com,103
184,6431631118933170@email.com,103
185,1975727992413120@email.com,103
186,7135786299529280@email.com,103
187,1185369790882270@email.com,103
188,7880508268512850@email.com,104
189,7487585628980120@email.com,105
190,1431868134852370@email.com,105
191,8434104912628280@email.com,105
192,8346517690694790@email.com,105
193,3080632276462710@email.com,105
194,4628191988634620@email.com,105
195,8314838016562360@email.com,105
196,4459768639103800@email.com,105
197,8287910489747740@email.com,106
198,7159483209757310@email.com,107
199,6608271676749820@email.com,107
200,5619829571726630@email.com,107
201,2367534095679290@email.com,108
202,8532695624020940@email.com,109
203,2036797200290320@email.com,110
204,4964852667557040@email.com,111
205,8331240109972870@email.com,112
206,1810280503415470@email.com,112
207,8386715381879050@email.com,113
208,3703368813801070@email.com,114
209,1497487832310480@email.com,115
210,9332401616224420@email.com,116
211,4849829503400290@email.com,116
212,3977577543575310@email.com,117
213,9889052508980600@email.com,118
214,7597125537672250@email.com,118
215,9898220327566500@email.com,119
216,1664881820681250@email.com,120
217,6277096045675280@email.com,120
218,9996095884841680@email.com,121
219,8570497061061080@email.com,121
220,5482807359616120@email.com,121
221,9883693373578990@email.com,121
222,7879598417301260@email.com,121
223,3802105590296990@email.com,121
224,1297920057129390@email.com,121
225,9729085369819800@email.com,122
226,6521348101701520@email.com,123
227,9179344095588450@email.com,124
228,3517902468019870@email.com,124
229,6119700112278940@email.com,124
230,9885096971612480@email.com,124
231,7453706267054620@email.com,124
232,2860569421534080@email.com,125
233,3998631011819330@email.com,126
234,9135749892020520@email.com,127
235,6160577009392020@email.com,127
236,4443464442126140@email.com,128
237,9205787011936700@email.com,128
238,5403213348438560@email.com,129
239,1697334864424540@email.com,129
240,7300140196961600@email.com,130
241,6186023581333890@email.com,131
242,2728858317715690@email.com,132
243,7625036198915950@email.com,132
244,7649216330635290@email.com,133
245,2698455380268090@email.com,133
246,9195426988488960@email.com,133
247,7007451468872720@email.com,134
248,3786188162946220@email.com,135
249,2118927829790620@email.com,136
250,8197866667734190@email.com,136
251,3892160439328230@email.com,136
252,5190477092436290@email.com,136
253,2673218770460470@email.com,137
254,1486704546817280@email.com,138
255,6200214220214380@email.com,138
256,6500857997129190@email.com,138
257,7851730285678200@email.com,138
258,6726805238709790@email.com,138
259,6190356864317830@email.com,139
260,6118206737790090@email.com,140
261,5273267761070120@email.com,140
262,6219669216271970@email.com,141
263,6108551103388200@email.com,141
264,9685993023582080@email.com,142
265,4597490347964580@email.com,142
266,6285201965862060@email.com,143
267,4419309031762550@email.com,144
268,6624429013385210@email.com,144
269,4758656643927010@email.com,145
270,3931134218941650@email.com,146
271,5553729585227580@email.com,147
272,8287910489747740@email.com,148
273,7984780795919590@email.com,148
274,5920407228221120@email.com,149
275,3865329735650330@email.com,150
276,6071123921922790@email.com,151
277,5931748372653210@email.com,152
278,2789214809252460@email.com,153
279,5738107150945220@email.com,153
280,2455607816552180@email.com,153
281,7105319433765490@email.com,154
282,7349457734495750@email.com,154
283,6095597738909160@email.com,155
284,9938765128109010@email.com,156
285,8194291974407210@email.com,156
286,4583901078630890@email.com,157
287,2316180208434570@email.com,158
288,5889638779308380@email.com,159
289,4027720942968190@email.com,159
290,9276270826821930@email.com,159
291,8652388454119710@email.com,160
292,5154217191864550@email.com,161
293,3235013230627210@email.com,162
294,2340333197576760@email.com,163
295,7429906514326820@email.com,164
296,4630351634296890@email.com,164
297,8106759201881240@email.com,164
298,8411691128129480@email.com,165
299,8072259628446590@email.com,166
300,7483225697733310@email.com,166
301,5189641406906800@email.com,166
302,4277127499972510@email.com,167
303,3755310300977660@email.com,168
304,9447882665658440@email.com,169
305,8616899969108500@email.com,170
306,7201147684027410@email.com,170
307,2256859068787700@email.com,170
308,9982967660739060@email.com,170
309,9903753727150910@email.com,170
310,5742523108882600@email.com,170
311,1325606575028030@email.com,170
312,3658146900967450@email.com,171
313,8209541399748830@email.com,171
314,3634434640404130@email.com,171
315,6214415961156350@email.com,172
316,2895214758118180@email.com,172
317,2383382844464620@email.com,172
318,3719644415944860@email.com,173
319,8791568689070650@email.com,174
320,3215193929312500@email.com,175
321,8019251891600840@email.com,175
322,4013502556789970@email.com,176
323,6878194879312170@email.com,176
324,3229785515854440@email.com,177
325,4405549013098190@email.com,178
326,7908934752194170@email.com,179
327,8791568689070650@email.com,180
328,9100926597112340@email.com,181
329,6108551103388200@email.com,182
330,4425958634807580@email.com,183
331,6521348101701520@email.com,184
332,4227559673735240@email.com,185
333,5691293897293630@email.com,186
334,4060561553967690@email.com,187
335,2752144135729290@email.com,187
336,6485771297490840@email.com,188
337,2603781501081510@email.com,188
338,4204770880583770@email.com,189
339,1830547176445560@email.com,189
340,5138734052898120@email.com,189
341,5465723339207880@email.com,190
342,9424811811647010@email.com,190
343,5402281691481880@email.com,190
344,9380217315419000@email.com,190
345,7357742669078940@email.com,191
346,1607504049622910@email.com,192
347,6316292066773250@email.com,193
348,3615366897464840@email.com,194
349,4833908333279660@email.com,194
350,6808543112421720@email.com,194
351,3628180747061170@email.com,195
352,7236970493315000@email.com,195
353,7317841742989930@email.com,196
354,8554440141003980@email.com,197
355,3133290808768280@email.com,197
356,5884322346154720@email.com,198
357,5561711848460720@email.com,199
358,3106511636617570@email.com,199
359,6431631118933170@email.com,199
360,8810574909512760@email.com,200
361,6164870080635070@email.com,201
362,5623208207315850@email.com,202
363,6637618580771460@email.com,202
364,7316420263183760@email.com,202
365,8207169539502360@email.com,203
366,1481931841364930@email.com,204
367,6337620959488010@email.com,205
368,7198611092862110@email.com,206
369,6370854962966250@email.com,206
370,3481633830749250@email.com,207
371,3119686456535730@email.com,207
372,6662779812544880@email.com,207
373,3624170202488050@email.com,208
374,3945479222194850@email.com,209
375,5890770180355240@email.com,209
376,3159098696464520@email.com,210
377,5232583034239170@email.com,211
378,9563272447554740@email.com,212
379,9539543744850710@email.com,213
380,1279559716841930@email.com,214
381,5725500636505420@email.com,214
382,4612494262578550@email.com,215
383,7001162247162430@email.com,215
384,5835664607663840@email.com,216
385,7765651936457290@email.com,217
386,9985187960198480@email.com,218
387,7479233369491630@email.com,218
388,7112305971990820@email.com,218
389,1872857287993020@email.com,218
390,1639925108428780@email.com,219
391,9100738304901620@email.com,220
392,4903244255578160@email.com,221
393,9571513474389330@email.com,221
394,2372202669234500@email.com,222
395,4964852667557040@email.com,223
396,3713016908663910@email.com,224
397,7091690075163690@email.com,225
398,6521348101701520@email.com,226
399,9458879459665810@email.com,227
400,2563743997793680@email.com,227
401,5738107150945220@email.com,228
402,6119700112278940@email.com,229
403,4240951223054060@email.com,230
404,8152824972463350@email.com,231
405,7535586870964890@email.com,231
406,3357596741684900@email.com,232
407,1335477891703370@email.com,232
408,7585521320075570@email.com,232
409,6854218867356200@email.com,233
410,8948086535826700@email.com,234
411,1320721565752390@email.com,235
412,2787337632654240@email.com,236
413,4507909151488900@email.com,237
414,8329704713736750@email.com,237
415,4839447980921470@email.com,238
416,9474844388073440@email.com,239
417,4226461310516160@email.com,239
418,6833173579976040@email.com,239
419,5717536255768710@email.com,239
420,5893789365711800@email.com,239
421,3732156359302900@email.com,239
422,3347717606615130@email.com,239
423,5526339529209270@email.com,239
424,2759908141298910@email.com,239
425,1742780943432350@email.com,239
426,5872827619794770@email.com,239
427,3936463509536320@email.com,239
428,3342713467289760@email.com,239
429,4572133271221380@email.com,239
430,9876790484450080@email.com,239
431,9656973380693680@email.com,240
432,5661165277834820@email.com,240
433,7745884043534030@email.com,241
434,6415417551661910@email.com,242
435,4758659875089330@email.com,243
436,8039909628864170@email.com,243
437,2012802668983280@email.com,243
438,3201172188606180@email.com,243
439,8329704713736750@email.com,244
440,7225793130266560@email.com,245
441,2784617289860650@email.com,246
442,7931098794922130@email.com,247
443,8789521667989470@email.com,248
444,8874890646178150@email.com,249
445,9489529455080000@email.com,250
446,8896418557821500@email.com,251
447,9456154284487190@email.com,251
448,1636177951593780@email.com,251
449,4298341465122820@email.com,252
450,2039230725706450@email.com,253
451,3596014859301630@email.com,253
452,3629318885141100@email.com,254
453,2479743005585620@email.com,254
454,2138880642537470@email.com,255
455,4901689483282570@email.com,255
456,2424503699108870@email.com,256
457,5905150138130400@email.com,257
458,3145895181064300@email.com,257
459,7745502414468110@email.com,258
460,2853834633889940@email.com,259
461,2098979284037360@email.com,259
462,5381272709251600@email.com,259
463,2728858317715690@email.com,260
464,7313070752569300@email.com,261
465,5556479206827650@email.com,262
466,6027458811759780@email.com,263
467,6927595410444420@email.com,264
468,2300828897803980@email.com,265
469,3628180747061170@email.com,265
470,8791568689070650@email.com,266
471,5383993919835370@email.com,267
472,2757305537187650@email.com,268
473,8331892919420370@email.com,269
474,4005094963729500@email.com,270
475,7573497954084610@email.com,271
476,9475726042485650@email.com,272
477,3673774366739090@email.com,273
478,9948856413053260@email.com,274
479,9975543575519280@email.com,274
480,2036804072866130@email.com,275
481,9850246656569170@email.com,276
482,8789521667989470@email.com,277
483,6795922333291890@email.com,278
484,2409279624960730@email.com,279
485,1678801925054100@email.com,280
486,9902614144183780@email.com,281
487,9773073894957050@email.com,281
488,1862710696600540@email.com,282
489,4067248978619050@email.com,282
490,9838062351265780@email.com,282
491,8707338162795680@email.com,282
492,4920323323974720@email.com,283
493,5098694951497370@email.com,283
494,8025915745282000@email.com,284
495,4205048236195210@email.com,285
496,6709451605952670@email.com,285
497,7873812894387330@email.com,285
498,7124699352612780@email.com,286
499,8784298446450450@email.com,287
500,7529678147746230@email.com,288
501,9689525423153670@email.com,288
502,1332155068709620@email.com,289
503,2630043815483650@email.com,289
504,5650576770807260@email.com,289
505,9645083532929390@email.com,290
506,3247263760115090@email.com,291
507,9119821877980200@email.com,292
508,3163419833420250@email.com,293
509,8936185094642460@email.com,294
510,5680393807594600@email.com,295
511,1933846097292050@email.com,295
512,1875700696640770@email.com,296
513,2626870951011200@email.com,297
514,2115358121346720@email.com,297
515,1307664977218450@email.com,297
516,5745734604793270@email.com,298
517,8588219551183410@email.com,299
518,9548745342787670@email.com,300
519,9919316738866580@email.com,300
520,7838217254488170@email.com,300
521,7503499404538950@email.com,301
522,7716894729097870@email.com,302
523,1062851490730220@email.com,303
524,6059748866327480@email.com,304
525,2697890679382430@email.com,304
526,9001635416134700@email.com,304
527,7394034120638930@email.com,305
528,7782761035990280@email.com,305
529,6011060503563390@email.com,306
530,5100949634201420@email.com,307
531,9398443474617940@email.com,307
532,9312019172087240@email.com,308
533,6154404772495250@email.com,308
534,4653322891661970@email.com,308
535,9565637145407140@email.com,309
536,5439439928068580@email.com,310
537,4778990478863980@email.com,311
538,1891956892966970@email.com,312
539,7210096364881680@email.com,312
540,6157132455258280@email.com,313
541,8465929657539320@email.com,313
542,7334066010329890@email.com,313
543,2556400040044410@email.com,314
544,4242055067672620@email.com,315
545,8610153103439740@email.com,316
546,9796754486702940@email.com,317
547,1237350319521190@email.com,318
548,2921878971743170@email.com,319
549,8235352169424830@email.com,320
550,4867906785667440@email.com,321
551,3784398045382350@email.com,321
552,4964609832142900@email.com,321
553,4324263600149420@email.com,322
554,6736533194756750@email.com,323
555,9249902930655690@email.com,323
556,1343463407423120@email.com,324
557,9222039615163280@email.com,325
558,7025257577667130@email.com,326
559,2996486852840060@email.com,326
560,7887035501221450@email.com,327
561,7564219693174570@email.com,328
562,6057087294820560@email.com,329
563,1527109254431390@email.com,330
564,3479170399617090@email.com,331
565,9821027403130780@email.com,332
566,3434002989101230@email.com,333
567,7785495502039900@email.com,334
568,1219416486101650@email.com,335
569,8611064916486090@email.com,336
570,5777967909043570@email.com,336
571,4808675720503000@email.com,337
572,3061386569535790@email.com,338
573,9443566707531760@email.com,338
574,3149124746686350@email.com,338
575,8641380356560970@email.com,339
576,1443343707430280@email.com,339
577,3832351232026080@email.com,340
578,1088045275620430@email.com,341
579,8051640851401670@email.com,341
580,5060859607697680@email.com,342
581,9404522606607510@email.com,342
582,7887291160437010@email.com,342
583,8791568689070650@email.com,343
584,7795821506988950@email.com,344
585,9819788565840970@email.com,345
586,4995957280087010@email.com,345
587,5805756844453940@email.com,345
588,5842461578134680@email.com,346
589,2350279570094290@email.com,347
590,4763150077200860@email.com,348
591,1044545394945720@email.com,349
592,3795505494792900@email.com,350
593,8773043140237240@email.com,351
594,2506503640375250@email.com,352
595,3702646065852050@email.com,352
596,5361151943417710@email.com,352
597,6641245560074740@email.com,353
598,3821003184701770@email.com,353
599,2100404843772790@email.com,353
600,3265845419133410@email.com,354
601,7272119035166930@email.com,355
602,3499609394075560@email.com,355
603,1330237473215340@email.com,356
604,5109276328984170@email.com,356
605,4133708156559060@email.com,357
606,3705444504287510@email.com,358
607,3687335071577960@email.com,358
608,7259859540455140@email.com,359
609,3682376373117110@email.com,360
610,5925637251023170@email.com,360
611,1181944630518550@email.com,361
612,1385356192974040@email.com,362
613,7737080686508700@email.com,363
614,7027996995486760@email.com,364
615,3247263760115090@email.com,365
616,8277428743952340@email.com,366
617,7920504937861480@email.com,366
618,6895702579697660@email.com,367
619,1454872402617040@email.com,368
620,4946265589744120@email.com,369
621,6382166736744740@email.com,369
622,6548218601235250@email.com,370
623,1639947359888910@email.com,370
624,1379950755294870@email.com,370
625,5585429658287460@email.com,371
626,8007559808335080@email.com,371
627,9344084332421070@email.com,372
628,6618059180947170@email.com,372
629,9364241600141290@email.com,372
630,5446247560140010@email.com,373
631,8672148345796470@email.com,374
632,9077705383911520@email.com,374
633,8357177950607430@email.com,374
634,6105719528156170@email.com,375
635,5591429697661170@email.com,376
636,8952764626527690@email.com,376
637,3660935847879480@email.com,377
638,6094520794696370@email.com,377
639,5446247560140010@email.com,377
640,3631685831969180@email.com,377
641,3819032480386700@email.com,378
642,5803893291386850@email.com,379
643,9151822231442650@email.com,380
644,4326778614655690@email.com,380
645,1004473872008060@email.com,380
646,7161958994554980@email.com,381
647,7944306779381070@email.com,381
648,5120556947673400@email.com,381
649,6634897551825600@email.com,382
650,9334193293388680@email.com,383
651,9140859435728650@email.com,384
652,7706669909035580@email.com,385
653,2332112988178240@email.com,385
654,2036804072866130@email.com,386
655,6534294095254930@email.com,387
656,7016229706418140@email.com,387
657,5593980929420010@email.com,388
658,2901671021944170@email.com,389
659,3566794638075730@email.com,389
660,7453262003395590@email.com,390
661,6020905411771530@email.com,391
662,5322449053723210@email.com,391
663,8229239930910970@email.com,392
664,2514354118393920@email.com,393
665,5963701995636630@email.com,394
666,1512245980104940@email.com,395
667,2614227251979170@email.com,396
668,7287403645218680@email.com,397
669,7481249463883490@email.com,397
670,5863023659453200@email.com,398
671,7624856372672540@email.com,398
672,9852662660339970@email.com,398
673,6465346085208530@email.com,398
674,4017317908669240@email.com,399
675,2675984845778820@email.com,400
676,4670899991822470@email.com,401
677,8432250107791400@email.com,402
678,4674058903533660@email.com,403
679,8300014036154540@email.com,404
680,4472230224618820@email.com,405
681,3650934742127280@email.com,406
682,9455626502639900@email.com,407
683,6569624536751240@email.com,407
684,7372633206003910@email.com,408
685,1600047714835750@email.com,408
686,4953303703934660@email.com,409
687,9804848533036060@email.com,409
688,4759602595021000@email.com,410
689,6826202377184240@email.com,411
690,5283370297054170@email.com,412
691,2574641376243140@email.com,413
692,7949704099571890@email.com,414
693,4851339346974830@email.com,414
694,1916618530149040@email.com,415
695,6857082540744870@email.com,416
696,5191888592034600@email.com,417
697,5920120839592430@email.com,417
698,8061292694545160@email.com,418
699,1976127066704060@email.com,419
700,4972639086082520@email.com,419
701,9853841409792630@email.com,420
702,3025181979499750@email.com,420
703,9201776362200230@email.com,420
704,2739845040419920@email.com,421
705,5868348971869060@email.com,421
706,9490851268984410@email.com,422
707,4688774696505200@email.com,422
708,6086873384682170@email.com,423
709,1274842019961680@email.com,424
710,6562358130405090@email.com,425
711,8541070889921910@email.com,426
712,4163955030093260@email.com,426
713,7720158181234860@email.com,426
714,5724800282532600@email.com,426
715,8557807780947630@email.com,427
716,6196515492773310@email.com,427
717,9494739007784310@email.com,428
718,2548834733096910@email.com,429
719,5779066036081540@email.com,430
720,8072259628446590@email.com,431
721,3522147192383940@email.com,432
722,7127514680151000@email.com,433
723,2983032745758520@email.com,434
724,1367105678151480@email.com,435
725,9628948161925790@email.com,435
726,9582272764145800@email.com,435
727,2848963776143570@email.com,435
728,3257170586748530@email.com,435
729,6702583559156150@email.com,436
730,5975910877981390@email.com,437
731,5995425170116590@email.com,437
732,4243691230104900@email.com,438
733,2773738387084060@email.com,439
734,5375056876630840@email.com,440
735,6761878012412780@email.com,440
736,9571513474389330@email.com,440
737,7420064890217960@email.com,440
738,3909722943978330@email.com,440
739,2069508057490200@email.com,441
740,4287599628617190@email.com,442
741,5357475715448570@email.com,443
742,3149965244387680@email.com,444
743,5779589941661070@email.com,445
744,7939787714182160@email.com,445
745,6102348511808100@email.com,446
746,3634434640404130@email.com,447
747,6165122407138430@email.com,448
748,6678765283593230@email.com,448
749,7387681619863330@email.com,449
750,3244930773534110@email.com,450
751,1411150453323890@email.com,451
752,5654054709727760@email.com,451
753,9773073894957050@email.com,452
754,4366216177776890@email.com,453
755,6431631118933170@email.com,454
756,5599556345086180@email.com,455
757,1444095540474540@email.com,455
758,6078825297206670@email.com,456
759,3150564957986300@email.com,457
760,2906742933583160@email.com,458
761,5406471045251450@email.com,458
762,2012287755388370@email.com,458
763,2690438369911930@email.com,458
764,9622467950740890@email.com,458
765,4959283900481320@email.com,459
766,1306462698686010@email.com,459
767,6469466140430960@email.com,460
768,4118912875648120@email.com,460
769,2952346143225760@email.com,461
770,4385257566035550@email.com,462
771,9810510489169710@email.com,462
772,7745502414468110@email.com,463
773,8782534992646220@email.com,464
774,7805921207964200@email.com,464
775,5409535686480070@email.com,464
776,7387681619863330@email.com,465
777,8859443307293740@email.com,465
778,2440060637205890@email.com,466
779,3819271201502260@email.com,467
780,6108551103388200@email.com,468
781,5238275796863970@email.com,469
782,4948199807786760@email.com,470
783,2954823582456940@email.com,471
784,8987448818340500@email.com,472
785,4604280476310720@email.com,473
786,3971787084050510@email.com,474
787,8641424424418890@email.com,474
788,5593980929420010@email.com,474
789,4010390115908750@email.com,475
790,7197811408469470@email.com,476
791,5167549107148410@email.com,476
792,9390604890284580@email.com,476
793,1512913502993810@email.com,476
794,4065609479353530@email.com,477
795,8715190211514390@email.com,477
796,6895702579697660@email.com,477
797,5005286633169070@email.com,477
798,6826202377184240@email.com,478
799,7027825834214780@email.com,479
800,4979662490341100@email.com,480
801,5921788147196990@email.com,480
802,4842691601245920@email.com,480
803,6464671440039570@email.com,480
804,6158626206308840@email.com,480
805,6691064165167920@email.com,480
806,6195919694267290@email.com,481
807,4714003210975640@email.com,481
808,4802012069306030@email.com,482
809,4785347684803510@email.com,482
810,6494257421953520@email.com,482
811,8754266632906420@email.com,482
812,7492451015074490@email.com,482
813,2443429998768300@email.com,482
814,3083462565089100@email.com,482
815,1616506117375900@email.com,482
816,8980683516295100@email.com,482
817,1629129954405580@email.com,482
818,6925096501139480@email.com,483
819,7421197980158520@email.com,484
820,7050440948784670@email.com,485
821,6703379627410810@email.com,486
822,1324531759777560@email.com,486
823,9341207066682940@email.com,486
824,9350463195338300@email.com,486
825,1217102479117350@email.com,487
826,6391088617132640@email.com,487
827,4198168507162360@email.com,488
828,3063068241558750@email.com,488
829,7399419468422770@email.com,489
830,5393361062415940@email.com,489
831,7036020817989030@email.com,489
832,9466416217363920@email.com,489
833,1915416112756000@email.com,490
834,6281168727566300@email.com,491
835,7295996558771850@email.com,492
836,7100829005023070@email.com,492
837,4949123474287040@email.com,492
838,4707785298366970@email.com,492
839,2530861725117970@email.com,493
840,1373133535419650@email.com,493
841,1401470148268380@email.com,493
842,7907603316330950@email.com,494
843,7215145494439130@email.com,494
844,8776417991974470@email.com,494
845,2466173890381940@email.com,495
846,1265912253339370@email.com,495
847,2791612834147760@email.com,495
848,5469294445880670@email.com,495
849,8744692426395710@email.com,495
850,6858721240052940@email.com,496
851,6380279508551610@email.com,497
852,4243691230104900@email.com,497
853,2808718597936570@email.com,498
854,5260021824250150@email.com,498
855,4650488341650800@email.com,499
856,8605368049587380@email.com,499
857,1140656998899410@email.com,499
858,6418202459432050@email.com,499
859,2261417637086590@email.com,499
860,3899882721329750@email.com,499
861,2139819563143750@email.com,499
862,4251463883813690@email.com,499
863,5851617210959860@email.com,500
864,5729471319788280@email.com,500
865,5997083382299710@email.com,501
866,9582272764145800@email.com,502
867,3257170586748530@email.com,502
868,5393664045644930@email.com,503
869,6875947920033350@email.com,504
870,9386368245912160@email.com,505
871,6987820345186610@email.com,506
872,4089012228481320@email.com,507
873,5318869184744490@email.com,508
874,7730910017369430@email.com,509
875,3356599986914380@email.com,509
876,9660076319512670@email.com,509
877,4611232952603640@email.com,509
878,7884316432256180@email.com,509
879,3190761987465410@email.com,509
880,7710406845151630@email.com,509
881,2370461517634100@email.com,509
882,6406643543252640@email.com,509
883,3992440935089970@email.com,509
884,5817740272154030@email.com,509
885,9436926093348860@email.com,509
886,9498058656985520@email.com,509
887,8928343473726940@email.com,509
888,8713134894405090@email.com,509
889,2344919509558480@email.com,509
890,5437099362808460@email.com,509
891,1473516801755910@email.com,509
892,8342518856590520@email.com,509
893,2975421506676330@email.com,509
894,1888071165657320@email.com,509
895,6781056586312320@email.com,509
896,5997786489640890@email.com,509
897,1344759476332680@email.com,509
898,1582150284616690@email.com,509
899,2288334542598910@email.com,510
900,3922233495182260@email.com,511
901,8356757126933350@email.com,511
902,8306517822505080@email.com,512
903,9880529933987170@email.com,512
904,2654423454980090@email.com,513
905,9749649246989880@email.com,513
906,3179106304498810@email.com,513
907,5698072736725900@email.com,513
908,4509223940080250@email.com,513
909,2470482240556140@email.com,514
