unique_customer_id,email,contact_no,first_order
1.0,1962964707014850@email.com,2315408962295390.0,03/05/2016 17:25:15
2.0,7506642554706270@email.com,2988385503816800.0,05/05/2016 10:33:19
2.0,7506642554706270@email.com,9326895365563150.0,05/05/2016 10:33:19
2.0,6914600275352120@email.com,9326895365563150.0,05/05/2016 10:33:19
2.0,1953991993791200@email.com,9326895365563150.0,05/05/2016 10:33:19
2.0,5656384438234260@email.com,9326895365563150.0,05/05/2016 10:33:19
2.0,6162665423336610@email.com,9326895365563150.0,05/05/2016 10:33:19
3.0,6798002106114080@email.com,7352508698908019.0,05/05/2016 11:35:29
4.0,7744769131127960@email.com,6695473250113170.0,16/05/2016 12:29:55
4.0,6914600275352120@email.com,6695473250113170.0,16/05/2016 12:29:55
4.0,1953991993791200@email.com,6695473250113170.0,16/05/2016 12:29:55
4.0,5656384438234260@email.com,6695473250113170.0,16/05/2016 12:29:55
4.0,6292596608463100@email.com,6695473250113170.0,16/05/2016 12:29:55
4.0,8243265971452140@email.com,6695473250113170.0,16/05/2016 12:29:55
5.0,7837831007412680@email.com,1196011669346560.0,16/05/2016 12:44:41
6.0,7329080195851530@email.com,7529067956830381.0,20/05/2016 12:05:38
7.0,4626276609901610@email.com,8867314703114370.0,12/09/2016 15:22:21
8.0,7660905626952430@email.com,2140248784405830.0,12/09/2016 18:26:04
8.0,7660905626952430@email.com,7352634289921870.0,12/09/2016 18:26:04
9.0,2300781720960270@email.com,4276625046059830.5,12/09/2016 18:36:18
10.0,7280267372617830@email.com,8523760335484750.0,12/09/2016 18:51:29
10.0,9372230414813520@email.com,8523760335484750.0,12/09/2016 18:51:29
10.0,3945479222194850@email.com,8523760335484750.0,12/09/2016 18:51:29
10.0,5890770180355240@email.com,8523760335484750.0,12/09/2016 18:51:29
11.0,7176042261036360@email.com,9108325934843790.0,12/09/2016 19:08:35
11.0,1424399615781160@email.com,9108325934843790.0,12/09/2016 19:08:35
12.0,9556141181257910@email.com,8253824689158499.0,12/09/2016 19:40:19
12.0,1481931841364930@email.com,8253824689158499.0,12/09/2016 19:40:19
12.0,3216343461769240@email.com,8253824689158499.0,12/09/2016 19:40:19
12.0,2897290711243260@email.com,8253824689158499.0,12/09/2016 19:40:19
12.0,9208217667240910@email.com,8253824689158499.0,12/09/2016 19:40:19
13.0,1330237473215340@email.com,9977227368008060.0,12/09/2016 19:57:37
14.0,1924918543887010@email.com,2835697120505530.0,12/09/2016 20:01:54
15.0,1204206841413000@email.com,4254966243679980.0,12/09/2016 20:38:18
16.0,6511155204997350@email.com,1374679791889080.0,12/09/2016 21:27:35
17.0,7627926921661380@email.com,5737509163568820.0,12/09/2016 21:39:00
17.0,2473357658142460@email.com,5737509163568820.0,12/09/2016 21:39:00
18.0,4922199785218330@email.com,4585197059444550.0,13/09/2016 18:11:58
18.0,4922199785218330@email.com,4585197059444550.0,13/09/2016 18:11:58
18.0,8739453025137260@email.com,4585197059444550.0,13/09/2016 18:11:58
18.0,6507373245063390@email.com,4585197059444550.0,13/09/2016 18:11:58
19.0,8224969018722630@email.com,4438476771722640.0,13/09/2016 18:19:58
20.0,7943283098557360@email.com,1489927962713600.0,13/09/2016 19:35:35
21.0,3014586854156520@email.com,9768894580611080.0,14/09/2016 17:06:59
22.0,8429969167829670@email.com,7440519242523490.0,14/09/2016 19:30:54
22.0,2808718597936570@email.com,7440519242523490.0,14/09/2016 19:30:54
23.0,8560144164615180@email.com,8131272788073810.0,14/09/2016 19:46:15
24.0,7298121096226070@email.com,6329925473046740.0,14/09/2016 21:17:41
25.0,6560420728971590@email.com,5612206425538090.0,15/09/2016 18:03:45
25.0,2838826659992040@email.com,5612206425538090.0,15/09/2016 18:03:45
25.0,2458813328347310@email.com,5612206425538090.0,15/09/2016 18:03:45
26.0,8246763544573440@email.com,8873089551909070.0,15/09/2016 19:14:06
27.0,4714003210975640@email.com,4470600512307150.5,15/09/2016 20:01:07
28.0,3388312679203730@email.com,8160800283971990.0,15/09/2016 20:44:20
29.0,2754933005856680@email.com,4860089854198610.0,15/09/2016 21:21:35
30.0,4058063749582280@email.com,7016951158975990.0,16/09/2016 21:15:30
30.0,9823389837314310@email.com,7016951158975990.0,16/09/2016 21:15:30
30.0,9563272447554740@email.com,7016951158975990.0,16/09/2016 21:15:30
31.0,9726834416405560@email.com,1235085133413890.0,16/09/2016 21:28:03
31.0,9726834416405560@email.com,1235085133413890.0,16/09/2016 21:28:03
31.0,9042957148176830@email.com,1235085133413890.0,16/09/2016 21:28:03
31.0,6899520223236120@email.com,1235085133413890.0,16/09/2016 21:28:03
31.0,9726834416405560@email.com,4779527501119330.0,16/09/2016 21:28:03
31.0,9726834416405560@email.com,1235085133413890.0,16/09/2016 21:28:03
31.0,9042957148176830@email.com,1235085133413890.0,16/09/2016 21:28:03
32.0,6971821052397740@email.com,3889288077359430.5,17/09/2016 12:54:43
32.0,8420739108605650@email.com,4329909754889209.5,17/09/2016 12:54:43
33.0,6971821052397740@email.com,3451841540301810.0,17/09/2016 14:55:42
34.0,8002386857984660@email.com,5290888029245830.0,17/09/2016 16:41:09
35.0,9132790431197890@email.com,5482927927515790.0,17/09/2016 17:04:47
36.0,7001741967625800@email.com,5418834267524930.0,17/09/2016 17:45:53
36.0,1554168277045570@email.com,5418834267524930.0,17/09/2016 17:45:53
37.0,9482181274192620@email.com,3156386505737790.0,17/09/2016 19:25:20
38.0,5591429697661170@email.com,7543887200428621.0,17/09/2016 21:33:44
39.0,8622587940276940@email.com,2108452385114330.0,17/09/2016 22:24:07
40.0,5183790326066550@email.com,4677333682321970.0,17/09/2016 22:55:26
41.0,9132416512156570@email.com,9956253248025210.0,18/09/2016 14:04:31
41.0,2280355322017760@email.com,4119368700536849.5,18/09/2016 14:04:31
41.0,2280355322017760@email.com,9956253248025210.0,18/09/2016 14:04:31
42.0,4163955030093260@email.com,1589874765254890.0,18/09/2016 15:09:44
42.0,4163955030093260@email.com,1589874765254890.0,18/09/2016 15:09:44
42.0,4317875752890460@email.com,1589874765254890.0,18/09/2016 15:09:44
43.0,6767997315304130@email.com,1452858928616680.0,18/09/2016 15:30:51
44.0,4302688018581860@email.com,1626443440406830.0,18/09/2016 17:59:04
44.0,2549481896630060@email.com,1626443440406830.0,18/09/2016 17:59:04
45.0,4160603827878770@email.com,5409117920595350.0,18/09/2016 18:59:08
46.0,4266207833013020@email.com,4866570254055890.0,18/09/2016 19:14:09
47.0,4280660664787980@email.com,9978239510772300.0,18/09/2016 21:30:59
48.0,5679578553748440@email.com,3408042229664670.0,18/09/2016 21:37:52
49.0,9137133160244620@email.com,4389378314758350.5,18/09/2016 21:45:26
50.0,2224573583304220@email.com,1008384935687960.0,19/09/2016 16:22:43
50.0,8308086644756650@email.com,1008384935687960.0,19/09/2016 16:22:43
50.0,7836940229957900@email.com,1008384935687960.0,19/09/2016 16:22:43
51.0,8080515946751410@email.com,5167524244671840.0,19/09/2016 20:06:27
51.0,8703485182919120@email.com,5167524244671840.0,19/09/2016 20:06:27
51.0,7647566554774830@email.com,5167524244671840.0,19/09/2016 20:06:27
51.0,4167503923946980@email.com,5167524244671840.0,19/09/2016 20:06:27
52.0,1367405720870690@email.com,1530606352682720.0,19/09/2016 21:16:56
52.0,7293286041527960@email.com,1530606352682720.0,19/09/2016 21:16:56
53.0,6133060289359780@email.com,1654828009016180.0,20/09/2016 12:43:27
54.0,4527711473039470@email.com,1110104664443710.0,20/09/2016 18:31:05
54.0,1651813326330190@email.com,1110104664443710.0,20/09/2016 18:31:05
54.0,9955007155494390@email.com,1110104664443710.0,20/09/2016 18:31:05
55.0,4238726254432860@email.com,9752405666793380.0,20/09/2016 19:48:42
55.0,6677959245357660@email.com,9752405666793380.0,20/09/2016 19:48:42
55.0,1705737630790340@email.com,9752405666793380.0,20/09/2016 19:48:42
56.0,9042957148176830@email.com,7865154349890579.0,20/09/2016 21:15:32
57.0,7959028158672470@email.com,8573664100512090.0,21/09/2016 18:27:19
58.0,2071478870654200@email.com,3751571858266920.0,21/09/2016 19:18:40
59.0,3647429759759680@email.com,6091909874515430.0,22/09/2016 12:02:56
59.0,7261431305375320@email.com,6091909874515430.0,22/09/2016 12:02:56
59.0,6707379891035850@email.com,6091909874515430.0,22/09/2016 12:02:56
59.0,3647429759759680@email.com,6091909874515430.0,22/09/2016 12:02:56
60.0,5050929317783960@email.com,3201653545775650.0,22/09/2016 20:14:23
61.0,4629096678067080@email.com,7140747972521030.0,22/09/2016 21:39:40
61.0,4867827232048980@email.com,7140747972521030.0,22/09/2016 21:39:40
62.0,4183517550211810@email.com,2434744722045690.0,22/09/2016 21:50:06
63.0,8137310614051880@email.com,5572332022216120.0,23/09/2016 13:07:07
63.0,9391869507850510@email.com,5572332022216120.0,23/09/2016 13:07:07
64.0,5240877472067190@email.com,1603301863376900.0,23/09/2016 17:49:01
65.0,7986389759630190@email.com,5393613792764700.0,23/09/2016 19:09:43
66.0,1109878916772480@email.com,1800728036463670.0,23/09/2016 19:27:55
67.0,4595961548474190@email.com,9006475860379970.0,23/09/2016 20:44:54
67.0,8626773291568460@email.com,9006475860379970.0,23/09/2016 20:44:54
67.0,4073285367646190@email.com,9006475860379970.0,23/09/2016 20:44:54
67.0,4138259859747250@email.com,9006475860379970.0,23/09/2016 20:44:54
68.0,7176042261036360@email.com,3858623898903030.5,23/09/2016 20:46:30
69.0,7031167645204790@email.com,6933312005559060.0,23/09/2016 21:23:19
69.0,5425781969647250@email.com,6933312005559060.0,23/09/2016 21:23:19
69.0,5425781969647250@email.com,4110469109933529.5,23/09/2016 21:23:19
70.0,8533748707501850@email.com,9807661358635540.0,23/09/2016 23:00:58
71.0,2255752191618510@email.com,3648754065762630.5,24/09/2016 13:05:27
71.0,5414941184996500@email.com,3648754065762630.5,24/09/2016 13:05:27
71.0,8994772777467550@email.com,3648754065762630.5,24/09/2016 13:05:27
71.0,3922233495182260@email.com,3648754065762630.5,24/09/2016 13:05:27
72.0,3619220581058150@email.com,8681112221810280.0,24/09/2016 14:34:18
72.0,9822951148404040@email.com,3838540963713390.5,24/09/2016 14:34:18
72.0,3737985456920970@email.com,8681112221810280.0,24/09/2016 14:34:18
72.0,9218362103509770@email.com,8681112221810280.0,24/09/2016 14:34:18
73.0,3497930329861670@email.com,7014352442878570.0,24/09/2016 16:18:09
74.0,2682967562848870@email.com,7120536203319080.0,24/09/2016 16:26:38
74.0,2682967562848870@email.com,8146299703072520.0,24/09/2016 16:26:38
74.0,2682967562848870@email.com,8146299703072520.0,24/09/2016 16:26:38
74.0,2682967562848870@email.com,1017612879076770.0,24/09/2016 16:26:38
74.0,2793870767412500@email.com,8146299703072520.0,24/09/2016 16:26:38
74.0,9138870738617000@email.com,7120536203319080.0,24/09/2016 16:26:38
75.0,8926123079708980@email.com,1368589375561290.0,24/09/2016 19:17:01
75.0,8926123079708980@email.com,1368589375561290.0,24/09/2016 19:17:01
76.0,9332401616224420@email.com,9145350321124420.0,24/09/2016 19:55:45
77.0,9306174944035880@email.com,9937054049865390.0,24/09/2016 20:52:51
78.0,1683002367187650@email.com,9764147140926380.0,24/09/2016 22:09:00
78.0,1633153332012260@email.com,9764147140926380.0,24/09/2016 22:09:00
79.0,3799378042317790@email.com,5408292141249230.0,25/09/2016 12:30:06
79.0,5913202657507930@email.com,3860102676477329.5,25/09/2016 12:30:06
79.0,7431882793525360@email.com,3860102676477329.5,25/09/2016 12:30:06
79.0,6043759559802720@email.com,3860102676477329.5,25/09/2016 12:30:06
80.0,5481980987189060@email.com,8758632708180720.0,25/09/2016 18:36:02
80.0,6377444986700810@email.com,8758632708180720.0,25/09/2016 18:36:02
81.0,6668019494284390@email.com,9795171827804280.0,25/09/2016 21:03:01
81.0,6668019494284390@email.com,9795171827804280.0,25/09/2016 21:03:01
81.0,6141991938352510@email.com,5254404691229690.0,25/09/2016 21:03:01
81.0,8504942407698350@email.com,9795171827804280.0,25/09/2016 21:03:01
81.0,8387688936876110@email.com,9795171827804280.0,25/09/2016 21:03:01
81.0,6668019494284390@email.com,5254404691229690.0,25/09/2016 21:03:01
81.0,6668019494284390@email.com,9795171827804280.0,25/09/2016 21:03:01
81.0,6668019494284390@email.com,5889676350531030.0,25/09/2016 21:03:01
81.0,9551247007278660@email.com,5254404691229690.0,25/09/2016 21:03:01
81.0,1027096276757120@email.com,5254404691229690.0,25/09/2016 21:03:01
82.0,3942498952173360@email.com,9216765365117920.0,26/09/2016 12:11:23
83.0,7769370294412760@email.com,6894893915622380.0,26/09/2016 15:38:37
83.0,9443380026148910@email.com,6894893915622380.0,26/09/2016 15:38:37
83.0,9459977644064330@email.com,6894893915622380.0,26/09/2016 15:38:37
83.0,7086133121228910@email.com,6894893915622380.0,26/09/2016 15:38:37
84.0,,6428891761478920.0,26/09/2016 23:16:04
84.0,3901425834725810@email.com,6428891761478920.0,26/09/2016 23:16:04
85.0,8418433176122030@email.com,2034014016201360.0,27/09/2016 11:58:16
86.0,9289320965073700@email.com,5226064269531000.0,28/09/2016 15:30:08
87.0,5007110512398830@email.com,9980825237692880.0,28/09/2016 20:09:19
87.0,5896100768889820@email.com,9980825237692880.0,28/09/2016 20:09:19
88.0,5057321117567880@email.com,8871825571474920.0,29/09/2016 14:34:20
89.0,1092309849485940@email.com,9418112379898100.0,29/09/2016 21:33:49
89.0,8699305797861290@email.com,9418112379898100.0,29/09/2016 21:33:49
90.0,9186594442091170@email.com,5777572879008930.0,29/09/2016 21:50:34
91.0,5725365918232610@email.com,5881767567061660.0,29/09/2016 22:37:40
92.0,1987634023356620@email.com,7983295843013970.0,29/09/2016 22:53:20
93.0,2364745049026420@email.com,4618672973420720.0,30/09/2016 19:34:41
94.0,1033496192402450@email.com,8624709418458499.0,30/09/2016 20:11:17
94.0,9058161106751890@email.com,8624709418458499.0,30/09/2016 20:11:17
94.0,5748589109705770@email.com,8624709418458499.0,30/09/2016 20:11:17
94.0,1033496192402450@email.com,8624709418458499.0,30/09/2016 20:11:17
95.0,2649449603236030@email.com,4977431208248590.0,30/09/2016 21:37:02
96.0,3733638396529020@email.com,8756023556827030.0,30/09/2016 21:41:56
97.0,2979844644980030@email.com,2709591865104920.0,01/10/2016 11:22:26
97.0,2508482171152150@email.com,2709591865104920.0,01/10/2016 11:22:26
98.0,5312626084588510@email.com,1873416880888540.0,01/10/2016 12:55:18
99.0,7667128087854820@email.com,7579884361337299.0,01/10/2016 14:57:16
100.0,3119686456535730@email.com,6646965452827500.0,01/10/2016 15:54:11
100.0,3481633830749250@email.com,6646965452827500.0,01/10/2016 15:54:11
101.0,5121574263543250@email.com,9849308021487720.0,01/10/2016 16:52:38
101.0,1218307478731440@email.com,4447040825799000.0,01/10/2016 16:52:38
102.0,9557045461462960@email.com,5108278705737490.0,01/10/2016 19:34:01
103.0,9197948777179100@email.com,9710139979977940.0,01/10/2016 20:07:47
103.0,9525116084681430@email.com,9710139979977940.0,01/10/2016 20:07:47
103.0,3106511636617570@email.com,9710139979977940.0,01/10/2016 20:07:47
103.0,6431631118933170@email.com,9710139979977940.0,01/10/2016 20:07:47
103.0,1975727992413120@email.com,9710139979977940.0,01/10/2016 20:07:47
103.0,7135786299529280@email.com,9710139979977940.0,01/10/2016 20:07:47
103.0,1185369790882270@email.com,9710139979977940.0,01/10/2016 20:07:47
104.0,7880508268512850@email.com,2401292689227160.0,01/10/2016 20:12:45
105.0,7487585628980120@email.com,7723173654100330.0,01/10/2016 20:13:48
105.0,1431868134852370@email.com,7723173654100330.0,01/10/2016 20:13:48
105.0,8434104912628280@email.com,7723173654100330.0,01/10/2016 20:13:48
105.0,8346517690694790@email.com,7723173654100330.0,01/10/2016 20:13:48
105.0,3080632276462710@email.com,7723173654100330.0,01/10/2016 20:13:48
105.0,4628191988634620@email.com,7723173654100330.0,01/10/2016 20:13:48
105.0,8314838016562360@email.com,7723173654100330.0,01/10/2016 20:13:48
105.0,4459768639103800@email.com,7723173654100330.0,01/10/2016 20:13:48
106.0,8287910489747740@email.com,2759210392597210.0,01/10/2016 20:21:36
107.0,7159483209757310@email.com,9295784893109980.0,01/10/2016 21:21:25
107.0,6608271676749820@email.com,9295784893109980.0,01/10/2016 21:21:25
107.0,5619829571726630@email.com,9295784893109980.0,01/10/2016 21:21:25
108.0,2367534095679290@email.com,7099448125413490.0,01/10/2016 21:54:21
109.0,8532695624020940@email.com,4603386329383190.0,01/10/2016 22:52:27
110.0,2036797200290320@email.com,3722053817727529.5,02/10/2016 10:15:10
111.0,4964852667557040@email.com,5190294348044180.0,02/10/2016 10:37:57
112.0,8331240109972870@email.com,4222055375102910.5,02/10/2016 11:44:19
112.0,1810280503415470@email.com,4222055375102910.5,02/10/2016 11:44:19
113.0,8386715381879050@email.com,1418738053904820.0,02/10/2016 13:45:13
113.0,8386715381879050@email.com,1418738053904820.0,02/10/2016 13:45:13
114.0,3703368813801070@email.com,2416139638352330.0,02/10/2016 14:03:46
115.0,1497487832310480@email.com,2878879965747580.0,02/10/2016 14:13:56
116.0,9332401616224420@email.com,1885545906973460.0,02/10/2016 14:17:28
116.0,4849829503400290@email.com,1885545906973460.0,02/10/2016 14:17:28
117.0,3977577543575310@email.com,7789620993203370.0,02/10/2016 15:06:23
117.0,3977577543575310@email.com,7789620993203370.0,02/10/2016 15:06:23
118.0,9889052508980600@email.com,6423200755094970.0,02/10/2016 15:56:48
118.0,7597125537672250@email.com,6423200755094970.0,02/10/2016 15:56:48
119.0,9898220327566500@email.com,8797808038218579.0,02/10/2016 17:55:20
120.0,1664881820681250@email.com,6744530558942510.0,02/10/2016 18:35:39
120.0,6277096045675280@email.com,6744530558942510.0,02/10/2016 18:35:39
121.0,9996095884841680@email.com,9652056617341230.0,02/10/2016 19:54:22
121.0,8570497061061080@email.com,9652056617341230.0,02/10/2016 19:54:22
121.0,5482807359616120@email.com,9652056617341230.0,02/10/2016 19:54:22
121.0,9996095884841680@email.com,9652056617341230.0,02/10/2016 19:54:22
121.0,9996095884841680@email.com,3018269044725560.0,02/10/2016 19:54:22
121.0,9883693373578990@email.com,9652056617341230.0,02/10/2016 19:54:22
121.0,7879598417301260@email.com,9652056617341230.0,02/10/2016 19:54:22
121.0,3802105590296990@email.com,9652056617341230.0,02/10/2016 19:54:22
121.0,1297920057129390@email.com,9652056617341230.0,02/10/2016 19:54:22
122.0,9729085369819800@email.com,7470192800656670.0,02/10/2016 20:55:33
123.0,6521348101701520@email.com,8111021565188621.0,02/10/2016 21:42:25
124.0,9179344095588450@email.com,5234304097008320.0,02/10/2016 21:51:29
124.0,3517902468019870@email.com,5234304097008320.0,02/10/2016 21:51:29
124.0,6119700112278940@email.com,5234304097008320.0,02/10/2016 21:51:29
124.0,9885096971612480@email.com,5234304097008320.0,02/10/2016 21:51:29
124.0,7453706267054620@email.com,5234304097008320.0,02/10/2016 21:51:29
125.0,2860569421534080@email.com,3264532677471030.0,02/10/2016 23:03:29
126.0,3998631011819330@email.com,8320832341811310.0,03/10/2016 00:00:26
127.0,9135749892020520@email.com,6783591557637830.0,03/10/2016 10:52:09
127.0,6160577009392020@email.com,6783591557637830.0,03/10/2016 10:52:09
128.0,4443464442126140@email.com,2575191654913730.0,03/10/2016 17:54:39
128.0,9205787011936700@email.com,2575191654913730.0,03/10/2016 17:54:39
129.0,5403213348438560@email.com,9508960560918860.0,03/10/2016 18:09:48
129.0,1697334864424540@email.com,9508960560918860.0,03/10/2016 18:09:48
130.0,7300140196961600@email.com,2566602410137020.0,03/10/2016 18:14:05
131.0,6186023581333890@email.com,3658251244745169.5,03/10/2016 18:31:35
132.0,2728858317715690@email.com,5608340770867260.0,03/10/2016 18:50:45
132.0,2728858317715690@email.com,3032131855286570.0,03/10/2016 18:50:45
132.0,2728858317715690@email.com,5608340770867260.0,03/10/2016 18:50:45
132.0,7625036198915950@email.com,5608340770867260.0,03/10/2016 18:50:45
133.0,7649216330635290@email.com,4261051488600550.5,03/10/2016 20:10:41
133.0,2698455380268090@email.com,4261051488600550.5,03/10/2016 20:10:41
133.0,9195426988488960@email.com,4261051488600550.5,03/10/2016 20:10:41
134.0,7007451468872720@email.com,4798462186018710.0,03/10/2016 21:02:21
135.0,3786188162946220@email.com,3518085393960380.0,04/10/2016 14:08:33
136.0,2118927829790620@email.com,4498031351042260.0,04/10/2016 16:05:34
136.0,8197866667734190@email.com,4498031351042260.0,04/10/2016 16:05:34
136.0,3892160439328230@email.com,4691112615146700.0,04/10/2016 16:05:34
136.0,3892160439328230@email.com,4498031351042260.0,04/10/2016 16:05:34
136.0,5190477092436290@email.com,4498031351042260.0,04/10/2016 16:05:34
137.0,2673218770460470@email.com,8898182861880710.0,04/10/2016 17:49:57
138.0,1486704546817280@email.com,1312006448545870.0,04/10/2016 18:07:09
138.0,6200214220214380@email.com,1312006448545870.0,04/10/2016 18:07:09
138.0,6500857997129190@email.com,1312006448545870.0,04/10/2016 18:07:09
138.0,7851730285678200@email.com,1312006448545870.0,04/10/2016 18:07:09
138.0,6726805238709790@email.com,1312006448545870.0,04/10/2016 18:07:09
139.0,6190356864317830@email.com,9424813065518660.0,04/10/2016 18:24:16
140.0,6118206737790090@email.com,8461348603907720.0,04/10/2016 18:26:56
140.0,5273267761070120@email.com,8461348603907720.0,04/10/2016 18:26:56
141.0,6219669216271970@email.com,3851214927055870.5,04/10/2016 20:54:30
141.0,6108551103388200@email.com,3851214927055870.5,04/10/2016 20:54:30
142.0,9685993023582080@email.com,7068284162470760.0,05/10/2016 14:46:55
142.0,4597490347964580@email.com,7068284162470760.0,05/10/2016 14:46:55
143.0,6285201965862060@email.com,7504472431214490.0,05/10/2016 15:15:58
144.0,4419309031762550@email.com,2044235947406660.0,05/10/2016 15:53:37
144.0,6624429013385210@email.com,2044235947406660.0,05/10/2016 15:53:37
145.0,4758656643927010@email.com,7983959510475421.0,05/10/2016 16:56:36
146.0,3931134218941650@email.com,9739023412637550.0,05/10/2016 18:58:29
146.0,3931134218941650@email.com,9739023412637550.0,05/10/2016 18:58:29
147.0,5553729585227580@email.com,6700519794147250.0,05/10/2016 21:02:04
148.0,8287910489747740@email.com,4660008244070770.0,05/10/2016 21:13:30
148.0,7984780795919590@email.com,4660008244070770.0,05/10/2016 21:13:30
149.0,5920407228221120@email.com,4506544618843930.0,05/10/2016 21:43:58
149.0,5920407228221120@email.com,4506544618843930.0,05/10/2016 21:43:58
150.0,3865329735650330@email.com,1765352551919440.0,05/10/2016 22:29:25
151.0,6071123921922790@email.com,5348517908205500.0,05/10/2016 23:21:34
152.0,5931748372653210@email.com,5303091857835200.0,06/10/2016 10:52:48
153.0,2789214809252460@email.com,6300899630416580.0,06/10/2016 11:07:21
153.0,5738107150945220@email.com,2253636270643210.0,06/10/2016 11:07:21
153.0,2455607816552180@email.com,2253636270643210.0,06/10/2016 11:07:21
154.0,7105319433765490@email.com,1575256254784240.0,06/10/2016 13:33:56
154.0,7349457734495750@email.com,1575256254784240.0,06/10/2016 13:33:56
155.0,6095597738909160@email.com,4094116799459190.5,06/10/2016 17:23:38
156.0,9938765128109010@email.com,8259222899234250.0,06/10/2016 19:44:04
156.0,8194291974407210@email.com,8259222899234250.0,06/10/2016 19:44:04
157.0,4583901078630890@email.com,9182041217766520.0,06/10/2016 21:59:08
158.0,2316180208434570@email.com,1287973801126840.0,06/10/2016 22:36:17
158.0,2316180208434570@email.com,1287973801126840.0,06/10/2016 22:36:17
159.0,5889638779308380@email.com,3866698479771460.0,07/10/2016 14:00:55
159.0,4027720942968190@email.com,3866698479771460.0,07/10/2016 14:00:55
159.0,9276270826821930@email.com,3866698479771460.0,07/10/2016 14:00:55
160.0,8652388454119710@email.com,2503190779381850.0,07/10/2016 19:31:00
161.0,5154217191864550@email.com,8442376901298610.0,07/10/2016 19:34:19
162.0,3235013230627210@email.com,6495094690218230.0,07/10/2016 20:44:59
163.0,2340333197576760@email.com,8442619774452880.0,07/10/2016 21:45:43
164.0,7429906514326820@email.com,7384121304036510.0,08/10/2016 10:06:24
164.0,4630351634296890@email.com,7384121304036510.0,08/10/2016 10:06:24
164.0,8106759201881240@email.com,7384121304036510.0,08/10/2016 10:06:24
165.0,8411691128129480@email.com,7272342468477370.0,08/10/2016 18:14:15
166.0,8072259628446590@email.com,3738247799259780.0,08/10/2016 19:50:05
166.0,7483225697733310@email.com,3738247799259780.0,08/10/2016 19:50:05
166.0,5189641406906800@email.com,3738247799259780.0,08/10/2016 19:50:05
167.0,4277127499972510@email.com,5091855428972940.0,08/10/2016 21:01:15
168.0,3755310300977660@email.com,5063311490033650.0,08/10/2016 21:20:33
169.0,9447882665658440@email.com,4331987617935590.5,08/10/2016 21:26:14
169.0,9447882665658440@email.com,4331987617935590.5,08/10/2016 21:26:14
170.0,8616899969108500@email.com,8446679954656160.0,08/10/2016 21:33:10
170.0,7201147684027410@email.com,8446679954656160.0,08/10/2016 21:33:10
170.0,2256859068787700@email.com,8446679954656160.0,08/10/2016 21:33:10
170.0,9982967660739060@email.com,8446679954656160.0,08/10/2016 21:33:10
170.0,9903753727150910@email.com,8446679954656160.0,08/10/2016 21:33:10
170.0,5742523108882600@email.com,8446679954656160.0,08/10/2016 21:33:10
170.0,1325606575028030@email.com,8446679954656160.0,08/10/2016 21:33:10
171.0,3658146900967450@email.com,5478617078217620.0,08/10/2016 21:37:11
171.0,8209541399748830@email.com,5478617078217620.0,08/10/2016 21:37:11
171.0,3634434640404130@email.com,5478617078217620.0,08/10/2016 21:37:11
172.0,6214415961156350@email.com,4759133472667490.0,09/10/2016 16:26:12
172.0,2895214758118180@email.com,4759133472667490.0,09/10/2016 16:26:12
172.0,2383382844464620@email.com,4759133472667490.0,09/10/2016 16:26:12
173.0,3719644415944860@email.com,5792658385185270.0,09/10/2016 16:32:52
174.0,8791568689070650@email.com,8544158016895010.0,09/10/2016 17:33:13
175.0,3215193929312500@email.com,3133251921240510.0,09/10/2016 18:24:43
175.0,8019251891600840@email.com,3133251921240510.0,09/10/2016 18:24:43
176.0,4013502556789970@email.com,2830850068849940.0,09/10/2016 19:15:40
176.0,6878194879312170@email.com,2830850068849940.0,09/10/2016 19:15:40
176.0,4013502556789970@email.com,2830850068849940.0,09/10/2016 19:15:40
177.0,3229785515854440@email.com,3186910846502700.0,09/10/2016 19:28:37
178.0,4405549013098190@email.com,4709103454138670.0,09/10/2016 20:46:27
179.0,7908934752194170@email.com,3164341056497870.0,09/10/2016 20:54:51
180.0,8791568689070650@email.com,3413842948599190.0,09/10/2016 21:26:26
181.0,9100926597112340@email.com,4521682418229870.0,09/10/2016 21:49:17
182.0,6108551103388200@email.com,6346096461195040.0,09/10/2016 22:07:55
183.0,4425958634807580@email.com,2046330982656460.0,10/10/2016 13:44:29
183.0,4425958634807580@email.com,2046330982656460.0,10/10/2016 13:44:29
184.0,6521348101701520@email.com,8001553341367859.0,10/10/2016 17:32:17
185.0,4227559673735240@email.com,7006898027558390.0,10/10/2016 19:25:47
186.0,5691293897293630@email.com,8869181248605160.0,10/10/2016 21:03:12
187.0,4060561553967690@email.com,4959180590207490.0,10/10/2016 22:47:11
187.0,2752144135729290@email.com,4959180590207490.0,10/10/2016 22:47:11
188.0,6485771297490840@email.com,9789571149161440.0,10/10/2016 22:51:05
188.0,2603781501081510@email.com,9789571149161440.0,10/10/2016 22:51:05
188.0,2603781501081510@email.com,9789571149161440.0,10/10/2016 22:51:05
189.0,4204770880583770@email.com,7105530752788770.0,11/10/2016 18:29:57
189.0,1830547176445560@email.com,7105530752788770.0,11/10/2016 18:29:57
189.0,5138734052898120@email.com,7105530752788770.0,11/10/2016 18:29:57
190.0,5465723339207880@email.com,9047733076537670.0,11/10/2016 20:34:30
190.0,9424811811647010@email.com,9047733076537670.0,11/10/2016 20:34:30
190.0,5402281691481880@email.com,9047733076537670.0,11/10/2016 20:34:30
190.0,9380217315419000@email.com,9047733076537670.0,11/10/2016 20:34:30
191.0,7357742669078940@email.com,1512059215904090.0,12/10/2016 12:14:48
192.0,1607504049622910@email.com,1974880719453520.0,12/10/2016 12:35:06
193.0,6316292066773250@email.com,7107186062565660.0,12/10/2016 17:01:39
194.0,3615366897464840@email.com,7227055979484510.0,12/10/2016 17:08:58
194.0,3615366897464840@email.com,4688394402686630.0,12/10/2016 17:08:58
194.0,4833908333279660@email.com,4688394402686630.0,12/10/2016 17:08:58
194.0,6808543112421720@email.com,4688394402686630.0,12/10/2016 17:08:58
195.0,3628180747061170@email.com,8406009623194120.0,12/10/2016 17:40:00
195.0,3628180747061170@email.com,5982863928880340.0,12/10/2016 17:40:00
195.0,7236970493315000@email.com,8406009623194120.0,12/10/2016 17:40:00
196.0,7317841742989930@email.com,4863482187688070.0,12/10/2016 18:30:32
197.0,8554440141003980@email.com,5727192768653630.0,12/10/2016 20:16:14
197.0,3133290808768280@email.com,5727192768653630.0,12/10/2016 20:16:14
197.0,3133290808768280@email.com,3556361294736180.0,12/10/2016 20:16:14
198.0,5884322346154720@email.com,8404598011286530.0,12/10/2016 20:46:16
199.0,5561711848460720@email.com,7982398637937741.0,12/10/2016 23:21:07
199.0,3106511636617570@email.com,7982398637937741.0,12/10/2016 23:21:07
199.0,6431631118933170@email.com,7982398637937741.0,12/10/2016 23:21:07
200.0,8810574909512760@email.com,6959737777148800.0,13/10/2016 13:42:13
201.0,6164870080635070@email.com,3362247661186770.0,13/10/2016 19:10:22
202.0,5623208207315850@email.com,9960871179701070.0,13/10/2016 19:50:52
202.0,6637618580771460@email.com,9960871179701070.0,13/10/2016 19:50:52
202.0,7316420263183760@email.com,9960871179701070.0,13/10/2016 19:50:52
203.0,8207169539502360@email.com,1621771503563040.0,13/10/2016 20:48:55
204.0,1481931841364930@email.com,9741956659673990.0,13/10/2016 20:48:46
205.0,6337620959488010@email.com,7189808861690910.0,13/10/2016 21:41:24
206.0,7198611092862110@email.com,9343774567514680.0,13/10/2016 23:03:25
206.0,6370854962966250@email.com,9343774567514680.0,13/10/2016 23:03:25
207.0,3481633830749250@email.com,4729676368212620.0,14/10/2016 09:42:18
207.0,3119686456535730@email.com,4729676368212620.0,14/10/2016 09:42:18
207.0,6662779812544880@email.com,4729676368212620.0,14/10/2016 09:42:18
207.0,3481633830749250@email.com,4729676368212620.0,14/10/2016 09:42:18
208.0,3624170202488050@email.com,8647242759705630.0,14/10/2016 14:54:26
209.0,3945479222194850@email.com,1190253653066000.0,14/10/2016 15:38:16
209.0,5890770180355240@email.com,1190253653066000.0,14/10/2016 15:38:16
210.0,3159098696464520@email.com,1655612075658060.0,14/10/2016 21:09:51
211.0,5232583034239170@email.com,6602632065177200.0,14/10/2016 21:12:40
211.0,5232583034239170@email.com,6602632065177200.0,14/10/2016 21:12:40
212.0,9563272447554740@email.com,7526104938339850.0,14/10/2016 21:17:18
212.0,9563272447554740@email.com,1167540110642930.0,14/10/2016 21:17:18
213.0,9539543744850710@email.com,3024025728917180.0,14/10/2016 23:06:35
214.0,1279559716841930@email.com,9375551728861030.0,14/10/2016 23:11:20
214.0,5725500636505420@email.com,9375551728861030.0,14/10/2016 23:11:20
215.0,4612494262578550@email.com,2409655047142930.0,15/10/2016 13:54:36
215.0,7001162247162430@email.com,2409655047142930.0,15/10/2016 13:54:36
216.0,5835664607663840@email.com,1067590871416160.0,15/10/2016 14:10:20
217.0,7765651936457290@email.com,7320920324798250.0,15/10/2016 15:15:14
218.0,9985187960198480@email.com,5906817146654920.0,15/10/2016 16:37:58
218.0,7479233369491630@email.com,5906817146654920.0,15/10/2016 16:37:58
218.0,7112305971990820@email.com,5906817146654920.0,15/10/2016 16:37:58
218.0,1872857287993020@email.com,5906817146654920.0,15/10/2016 16:37:58
219.0,1639925108428780@email.com,8456108485072250.0,15/10/2016 18:14:56
220.0,9100738304901620@email.com,2222952843764440.0,15/10/2016 18:18:06
221.0,4903244255578160@email.com,3908837423286180.0,15/10/2016 19:39:34
221.0,9571513474389330@email.com,3908837423286180.0,15/10/2016 19:39:34
222.0,2372202669234500@email.com,6083409787603830.0,15/10/2016 20:18:53
223.0,4964852667557040@email.com,1359262546462890.0,15/10/2016 20:36:32
224.0,3713016908663910@email.com,6844558876519770.0,15/10/2016 20:41:38
225.0,7091690075163690@email.com,3321989694953150.0,15/10/2016 20:46:29
226.0,6521348101701520@email.com,7767181415579960.0,15/10/2016 20:49:08
227.0,9458879459665810@email.com,3935397028325489.5,15/10/2016 21:07:30
227.0,2563743997793680@email.com,3935397028325489.5,15/10/2016 21:07:30
228.0,5738107150945220@email.com,7644158321281741.0,15/10/2016 21:55:32
229.0,6119700112278940@email.com,3462240470482670.0,15/10/2016 22:10:16
230.0,4240951223054060@email.com,9179491370451850.0,15/10/2016 22:29:32
231.0,8152824972463350@email.com,5349805251936920.0,16/10/2016 10:03:57
231.0,7535586870964890@email.com,5349805251936920.0,16/10/2016 10:03:57
232.0,3357596741684900@email.com,8727410111203699.0,16/10/2016 10:07:02
232.0,1335477891703370@email.com,8727410111203699.0,16/10/2016 10:07:02
232.0,7585521320075570@email.com,8727410111203699.0,16/10/2016 10:07:02
233.0,6854218867356200@email.com,5933114493999400.0,16/10/2016 11:01:00
233.0,6854218867356200@email.com,4689310350806810.0,16/10/2016 11:01:00
234.0,8948086535826700@email.com,7872396936294621.0,16/10/2016 11:36:04
235.0,1320721565752390@email.com,6320016106608180.0,16/10/2016 13:32:21
236.0,2787337632654240@email.com,2098613759175530.0,16/10/2016 14:33:08
237.0,4507909151488900@email.com,9176992118418280.0,16/10/2016 15:26:50
237.0,8329704713736750@email.com,9176992118418280.0,16/10/2016 15:26:50
238.0,4839447980921470@email.com,4343584284990600.0,16/10/2016 17:16:03
239.0,9474844388073440@email.com,7533717507997600.0,16/10/2016 17:34:14
239.0,4226461310516160@email.com,7533717507997600.0,16/10/2016 17:34:14
239.0,6833173579976040@email.com,7533717507997600.0,16/10/2016 17:34:14
239.0,5717536255768710@email.com,7533717507997600.0,16/10/2016 17:34:14
239.0,5893789365711800@email.com,7533717507997600.0,16/10/2016 17:34:14
239.0,3732156359302900@email.com,7533717507997600.0,16/10/2016 17:34:14
239.0,3347717606615130@email.com,7533717507997600.0,16/10/2016 17:34:14
239.0,5526339529209270@email.com,7533717507997600.0,16/10/2016 17:34:14
239.0,2759908141298910@email.com,3105369098343390.0,16/10/2016 17:34:14
239.0,2759908141298910@email.com,7533717507997600.0,16/10/2016 17:34:14
239.0,1742780943432350@email.com,7533717507997600.0,16/10/2016 17:34:14
239.0,5872827619794770@email.com,7533717507997600.0,16/10/2016 17:34:14
239.0,3936463509536320@email.com,7533717507997600.0,16/10/2016 17:34:14
239.0,6833173579976040@email.com,7533717507997600.0,16/10/2016 17:34:14
239.0,3342713467289760@email.com,7533717507997600.0,16/10/2016 17:34:14
239.0,4572133271221380@email.com,7533717507997600.0,16/10/2016 17:34:14
239.0,,7533717507997600.0,16/10/2016 17:34:14
239.0,9876790484450080@email.com,7533717507997600.0,16/10/2016 17:34:14
240.0,9656973380693680@email.com,7283531432954400.0,16/10/2016 17:51:19
240.0,5661165277834820@email.com,7283531432954400.0,16/10/2016 17:51:19
241.0,7745884043534030@email.com,5142567552762860.0,16/10/2016 17:58:18
242.0,6415417551661910@email.com,6870122633958690.0,16/10/2016 18:58:14
243.0,4758659875089330@email.com,8115468960384880.0,16/10/2016 19:16:44
243.0,8039909628864170@email.com,8115468960384880.0,16/10/2016 19:16:44
243.0,2012802668983280@email.com,8115468960384880.0,16/10/2016 19:16:44
243.0,3201172188606180@email.com,8115468960384880.0,16/10/2016 19:16:44
243.0,4758659875089330@email.com,8115468960384880.0,16/10/2016 19:16:44
243.0,8039909628864170@email.com,2645973544689890.0,16/10/2016 19:16:44
244.0,8329704713736750@email.com,9913449565370240.0,16/10/2016 19:40:52
245.0,7225793130266560@email.com,9176663130935140.0,16/10/2016 20:23:54
246.0,2784617289860650@email.com,6528650833179810.0,16/10/2016 20:35:41
247.0,7931098794922130@email.com,3544495933541870.0,16/10/2016 21:21:34
248.0,8789521667989470@email.com,3029239528068910.0,16/10/2016 21:23:10
249.0,8874890646178150@email.com,3609570329940980.0,17/10/2016 16:25:21
250.0,9489529455080000@email.com,6214464202338170.0,17/10/2016 18:25:54
251.0,8896418557821500@email.com,8744459865286230.0,17/10/2016 19:03:06
251.0,9456154284487190@email.com,8744459865286230.0,17/10/2016 19:03:06
251.0,1636177951593780@email.com,8744459865286230.0,17/10/2016 19:03:06
252.0,4298341465122820@email.com,1105048304879840.0,17/10/2016 19:37:34
253.0,2039230725706450@email.com,3649451859967950.5,17/10/2016 19:43:14
253.0,3596014859301630@email.com,3649451859967950.5,17/10/2016 19:43:14
254.0,3629318885141100@email.com,7425163589531160.0,17/10/2016 20:59:54
254.0,2479743005585620@email.com,7425163589531160.0,17/10/2016 20:59:54
255.0,2138880642537470@email.com,9008356480537610.0,18/10/2016 10:36:52
255.0,4901689483282570@email.com,9008356480537610.0,18/10/2016 10:36:52
256.0,2424503699108870@email.com,3898929770442350.5,18/10/2016 13:05:31
257.0,5905150138130400@email.com,3527702512076480.0,18/10/2016 13:54:03
257.0,3145895181064300@email.com,3527702512076480.0,18/10/2016 13:54:03
258.0,7745502414468110@email.com,8726162707857210.0,18/10/2016 14:09:34
259.0,2853834633889940@email.com,6915325143360610.0,18/10/2016 15:50:00
259.0,2853834633889940@email.com,6915325143360610.0,18/10/2016 15:50:00
259.0,2098979284037360@email.com,6915325143360610.0,18/10/2016 15:50:00
259.0,5381272709251600@email.com,6915325143360610.0,18/10/2016 15:50:00
259.0,5381272709251600@email.com,7143431296654360.0,18/10/2016 15:50:00
260.0,2728858317715690@email.com,9805469228894020.0,18/10/2016 21:57:24
261.0,7313070752569300@email.com,6999986897321430.0,18/10/2016 23:13:46
262.0,5556479206827650@email.com,5307235374150400.0,19/10/2016 17:34:41
263.0,6027458811759780@email.com,8720303783227720.0,19/10/2016 17:41:04
264.0,6927595410444420@email.com,6266944776683030.0,19/10/2016 18:14:28
265.0,2300828897803980@email.com,5984734245534510.0,19/10/2016 18:24:39
265.0,3628180747061170@email.com,5984734245534510.0,19/10/2016 18:24:39
266.0,8791568689070650@email.com,1279189647426490.0,19/10/2016 19:47:29
267.0,5383993919835370@email.com,2203017737150650.0,19/10/2016 20:10:21
268.0,2757305537187650@email.com,6201422972582820.0,19/10/2016 21:47:09
269.0,8331892919420370@email.com,8487035116285320.0,19/10/2016 22:25:47
270.0,4005094963729500@email.com,4076812007644449.5,19/10/2016 22:44:53
271.0,7573497954084610@email.com,6423621561946370.0,19/10/2016 22:54:20
272.0,9475726042485650@email.com,6421299792406900.0,20/10/2016 18:08:31
273.0,3673774366739090@email.com,1767126360145050.0,20/10/2016 20:16:19
274.0,9948856413053260@email.com,7981705322946750.0,20/10/2016 20:16:36
274.0,9975543575519280@email.com,7981705322946750.0,20/10/2016 20:16:36
275.0,2036804072866130@email.com,1765290181792320.0,20/10/2016 20:52:29
276.0,9850246656569170@email.com,7757079818195830.0,20/10/2016 22:03:24
277.0,8789521667989470@email.com,2998321810483090.0,20/10/2016 22:03:46
278.0,6795922333291890@email.com,2322187565498550.0,20/10/2016 22:26:20
279.0,2409279624960730@email.com,5081300287888980.0,21/10/2016 11:42:56
280.0,1678801925054100@email.com,9372706819138160.0,21/10/2016 12:10:28
281.0,9902614144183780@email.com,9236037742429700.0,21/10/2016 13:46:28
281.0,9773073894957050@email.com,9236037742429700.0,21/10/2016 13:46:28
282.0,1862710696600540@email.com,5779927222876310.0,21/10/2016 16:15:10
282.0,4067248978619050@email.com,5779927222876310.0,21/10/2016 16:15:10
282.0,9838062351265780@email.com,5779927222876310.0,21/10/2016 16:15:10
282.0,8707338162795680@email.com,5779927222876310.0,21/10/2016 16:15:10
283.0,4920323323974720@email.com,3231998442679180.0,21/10/2016 18:15:57
283.0,5098694951497370@email.com,3231998442679180.0,21/10/2016 18:15:57
284.0,8025915745282000@email.com,7357002403030430.0,21/10/2016 18:33:52
285.0,4205048236195210@email.com,3628304623317209.5,21/10/2016 19:40:40
285.0,6709451605952670@email.com,3628304623317209.5,21/10/2016 19:40:40
285.0,7873812894387330@email.com,3628304623317209.5,21/10/2016 19:40:40
286.0,7124699352612780@email.com,8111837085530630.0,21/10/2016 19:54:22
287.0,8784298446450450@email.com,6653969226433300.0,21/10/2016 19:58:58
288.0,7529678147746230@email.com,4655903308671790.0,21/10/2016 20:17:16
288.0,9689525423153670@email.com,4655903308671790.0,21/10/2016 20:17:16
289.0,1332155068709620@email.com,3245037159555150.0,21/10/2016 20:25:51
289.0,2630043815483650@email.com,3245037159555150.0,21/10/2016 20:25:51
289.0,5650576770807260@email.com,3245037159555150.0,21/10/2016 20:25:51
290.0,9645083532929390@email.com,6388596126474160.0,21/10/2016 20:28:22
291.0,3247263760115090@email.com,6317651878979600.0,21/10/2016 20:45:53
292.0,9119821877980200@email.com,5466933579459390.0,21/10/2016 21:07:30
293.0,3163419833420250@email.com,9328426165597010.0,21/10/2016 21:28:30
294.0,8936185094642460@email.com,8902789570736230.0,21/10/2016 21:33:08
295.0,5680393807594600@email.com,8582449249018680.0,21/10/2016 22:33:28
295.0,1933846097292050@email.com,8582449249018680.0,21/10/2016 22:33:28
296.0,1875700696640770@email.com,7770292756567920.0,21/10/2016 22:55:22
297.0,2626870951011200@email.com,4189654281400230.5,21/10/2016 23:08:36
297.0,2115358121346720@email.com,4189654281400230.5,21/10/2016 23:08:36
297.0,1307664977218450@email.com,4189654281400230.5,21/10/2016 23:08:36
298.0,5745734604793270@email.com,5815557802500420.0,21/10/2016 23:28:31
299.0,8588219551183410@email.com,6021152136370640.0,22/10/2016 10:08:21
300.0,9548745342787670@email.com,4620626201540070.0,22/10/2016 10:14:41
300.0,9919316738866580@email.com,4620626201540070.0,22/10/2016 10:14:41
300.0,7838217254488170@email.com,4620626201540070.0,22/10/2016 10:14:41
301.0,7503499404538950@email.com,8003616580218760.0,22/10/2016 11:15:44
302.0,7716894729097870@email.com,6674403974701340.0,22/10/2016 12:03:41
303.0,1062851490730220@email.com,4216547956199460.0,22/10/2016 13:12:40
304.0,6059748866327480@email.com,4575215241255680.0,22/10/2016 15:24:07
304.0,2697890679382430@email.com,8709490247035190.0,22/10/2016 15:24:07
304.0,9001635416134700@email.com,8709490247035190.0,22/10/2016 15:24:07
305.0,7394034120638930@email.com,3748298468455480.0,22/10/2016 15:25:36
305.0,7782761035990280@email.com,3748298468455480.0,22/10/2016 15:25:36
306.0,6011060503563390@email.com,4828773962949960.0,22/10/2016 16:07:08
307.0,5100949634201420@email.com,2117607431439260.0,22/10/2016 16:12:40
307.0,9398443474617940@email.com,2117607431439260.0,22/10/2016 16:12:40
308.0,9312019172087240@email.com,2536749060406060.0,22/10/2016 16:20:48
308.0,6154404772495250@email.com,2536749060406060.0,22/10/2016 16:20:48
308.0,4653322891661970@email.com,2536749060406060.0,22/10/2016 16:20:48
309.0,9565637145407140@email.com,4687449645347670.0,22/10/2016 17:28:06
310.0,5439439928068580@email.com,3268372906822280.0,22/10/2016 17:34:58
311.0,4778990478863980@email.com,5385904511082190.0,22/10/2016 17:38:13
312.0,1891956892966970@email.com,5960823950677210.0,22/10/2016 17:45:03
312.0,7210096364881680@email.com,5960823950677210.0,22/10/2016 17:45:03
313.0,,7127298326355940.0,22/10/2016 18:00:42
313.0,6157132455258280@email.com,7127298326355940.0,22/10/2016 18:00:42
313.0,8465929657539320@email.com,7127298326355940.0,22/10/2016 18:00:42
313.0,7334066010329890@email.com,7127298326355940.0,22/10/2016 18:00:42
314.0,2556400040044410@email.com,4009598019278350.5,22/10/2016 18:50:31
315.0,4242055067672620@email.com,7545649563621200.0,22/10/2016 19:16:07
316.0,8610153103439740@email.com,4437631603534020.0,22/10/2016 19:36:42
317.0,9796754486702940@email.com,7770284657264590.0,22/10/2016 20:04:27
318.0,1237350319521190@email.com,9528484117851660.0,22/10/2016 20:04:30
319.0,2921878971743170@email.com,7095718943704320.0,22/10/2016 20:09:42
320.0,8235352169424830@email.com,1582797333083560.0,22/10/2016 20:27:39
321.0,4867906785667440@email.com,1432422769657100.0,22/10/2016 20:48:35
321.0,3784398045382350@email.com,1432422769657100.0,22/10/2016 20:48:35
321.0,4964609832142900@email.com,1432422769657100.0,22/10/2016 20:48:35
322.0,4324263600149420@email.com,2233928061209870.0,22/10/2016 20:48:48
323.0,6736533194756750@email.com,1016562602466910.0,22/10/2016 21:13:13
323.0,9249902930655690@email.com,1016562602466910.0,22/10/2016 21:13:13
324.0,1343463407423120@email.com,2347952848856080.0,22/10/2016 21:15:41
325.0,9222039615163280@email.com,9658655607490140.0,22/10/2016 21:23:26
326.0,7025257577667130@email.com,1184758321867350.0,22/10/2016 21:23:21
326.0,2996486852840060@email.com,1184758321867350.0,22/10/2016 21:23:21
327.0,7887035501221450@email.com,4388490306226790.5,22/10/2016 21:24:41
328.0,7564219693174570@email.com,3174903039120270.0,22/10/2016 21:40:55
329.0,6057087294820560@email.com,7733827827373120.0,22/10/2016 21:47:59
330.0,1527109254431390@email.com,9522036622816780.0,22/10/2016 21:53:46
331.0,3479170399617090@email.com,7409706982233341.0,22/10/2016 22:22:41
332.0,9821027403130780@email.com,6326072110693690.0,22/10/2016 22:24:02
333.0,3434002989101230@email.com,7815829919930579.0,23/10/2016 10:41:31
334.0,7785495502039900@email.com,6506040707435310.0,23/10/2016 10:48:25
335.0,1219416486101650@email.com,3603554255144649.5,23/10/2016 11:09:27
336.0,8611064916486090@email.com,2667527367125700.0,23/10/2016 11:38:31
336.0,5777967909043570@email.com,2667527367125700.0,23/10/2016 11:38:31
337.0,4808675720503000@email.com,4691419978603410.0,23/10/2016 12:18:53
338.0,3061386569535790@email.com,2882493639945360.0,23/10/2016 13:45:07
338.0,3061386569535790@email.com,2882493639945360.0,23/10/2016 13:45:07
338.0,9443566707531760@email.com,2882493639945360.0,23/10/2016 13:45:07
338.0,3061386569535790@email.com,2882493639945360.0,23/10/2016 13:45:07
338.0,3149124746686350@email.com,1946246084508630.0,23/10/2016 13:45:07
339.0,8641380356560970@email.com,8138355359634010.0,23/10/2016 14:01:31
339.0,8641380356560970@email.com,8138355359634010.0,23/10/2016 14:01:31
339.0,1443343707430280@email.com,8138355359634010.0,23/10/2016 14:01:31
340.0,3832351232026080@email.com,6811536067660640.0,23/10/2016 14:32:05
340.0,3832351232026080@email.com,3708369545218390.5,23/10/2016 14:32:05
341.0,1088045275620430@email.com,1960629758507440.0,23/10/2016 15:11:08
341.0,8051640851401670@email.com,1960629758507440.0,23/10/2016 15:11:08
342.0,5060859607697680@email.com,4304742218204489.5,23/10/2016 15:16:01
342.0,9404522606607510@email.com,4304742218204489.5,23/10/2016 15:16:01
342.0,7887291160437010@email.com,4304742218204489.5,23/10/2016 15:16:01
342.0,9404522606607510@email.com,4304742218204489.5,23/10/2016 15:16:01
342.0,7887291160437010@email.com,4304742218204489.5,23/10/2016 15:16:01
343.0,8791568689070650@email.com,5320707411326370.0,23/10/2016 15:45:26
344.0,7795821506988950@email.com,6767305538838460.0,23/10/2016 16:17:52
345.0,9819788565840970@email.com,3051671778452580.0,23/10/2016 17:23:36
345.0,4995957280087010@email.com,3051671778452580.0,23/10/2016 17:23:36
345.0,5805756844453940@email.com,3051671778452580.0,23/10/2016 17:23:36
346.0,5842461578134680@email.com,9079350862450560.0,23/10/2016 17:33:50
347.0,2350279570094290@email.com,1453227603417560.0,23/10/2016 17:48:02
348.0,4763150077200860@email.com,3491478368438040.0,23/10/2016 18:20:55
349.0,1044545394945720@email.com,1573233064937090.0,23/10/2016 18:40:26
350.0,3795505494792900@email.com,9910668155056080.0,23/10/2016 18:51:31
351.0,8773043140237240@email.com,6263986854372880.0,23/10/2016 18:54:58
352.0,2506503640375250@email.com,9401669059860030.0,23/10/2016 19:19:00
352.0,3702646065852050@email.com,9401669059860030.0,23/10/2016 19:19:00
352.0,5361151943417710@email.com,9401669059860030.0,23/10/2016 19:19:00
353.0,6641245560074740@email.com,3426846588479180.0,23/10/2016 19:21:27
353.0,3821003184701770@email.com,3426846588479180.0,23/10/2016 19:21:27
353.0,2100404843772790@email.com,3426846588479180.0,23/10/2016 19:21:27
354.0,3265845419133410@email.com,1181804720897620.0,23/10/2016 19:33:46
355.0,7272119035166930@email.com,5282346388528530.0,23/10/2016 19:43:48
355.0,3499609394075560@email.com,5282346388528530.0,23/10/2016 19:43:48
356.0,1330237473215340@email.com,9129748337130560.0,23/10/2016 19:44:06
356.0,5109276328984170@email.com,9129748337130560.0,23/10/2016 19:44:06
357.0,4133708156559060@email.com,5732569572386940.0,23/10/2016 19:59:19
358.0,3705444504287510@email.com,8060147094037000.0,23/10/2016 20:06:48
358.0,3687335071577960@email.com,8060147094037000.0,23/10/2016 20:06:48
359.0,7259859540455140@email.com,8414047631198899.0,23/10/2016 20:35:51
360.0,3682376373117110@email.com,4695493366104350.0,23/10/2016 20:36:32
360.0,5925637251023170@email.com,4695493366104350.0,23/10/2016 20:36:32
361.0,1181944630518550@email.com,6822097845373460.0,23/10/2016 21:06:43
362.0,1385356192974040@email.com,7413869678826890.0,23/10/2016 21:15:00
363.0,7737080686508700@email.com,2476146458376650.0,23/10/2016 21:22:00
364.0,7027996995486760@email.com,1136964936809630.0,23/10/2016 21:35:13
365.0,3247263760115090@email.com,1262545972772350.0,23/10/2016 21:42:25
366.0,8277428743952340@email.com,9306888338892120.0,23/10/2016 22:01:06
366.0,7920504937861480@email.com,9306888338892120.0,23/10/2016 22:01:06
367.0,6895702579697660@email.com,5884946328909220.0,23/10/2016 22:00:19
368.0,1454872402617040@email.com,1447683029423960.0,23/10/2016 22:15:27
368.0,1454872402617040@email.com,1447683029423960.0,23/10/2016 22:15:27
369.0,4946265589744120@email.com,5609306810112250.0,23/10/2016 22:17:12
369.0,6382166736744740@email.com,5609306810112250.0,23/10/2016 22:17:12
369.0,4946265589744120@email.com,5609306810112250.0,23/10/2016 22:17:12
370.0,6548218601235250@email.com,2669481611818880.0,23/10/2016 22:18:08
370.0,1639947359888910@email.com,2669481611818880.0,23/10/2016 22:18:08
370.0,1379950755294870@email.com,2669481611818880.0,23/10/2016 22:18:08
371.0,5585429658287460@email.com,8949754538190790.0,23/10/2016 23:20:24
371.0,8007559808335080@email.com,8949754538190790.0,23/10/2016 23:20:24
372.0,9344084332421070@email.com,2755183108886120.0,24/10/2016 11:17:21
372.0,6618059180947170@email.com,2755183108886120.0,24/10/2016 11:17:21
372.0,9364241600141290@email.com,2755183108886120.0,24/10/2016 11:17:21
373.0,5446247560140010@email.com,6369581830989780.0,24/10/2016 12:32:04
374.0,8672148345796470@email.com,6012571221778170.0,24/10/2016 17:53:36
374.0,9077705383911520@email.com,6012571221778170.0,24/10/2016 17:53:36
374.0,8357177950607430@email.com,6012571221778170.0,24/10/2016 17:53:36
375.0,6105719528156170@email.com,7135132922854280.0,24/10/2016 21:11:01
376.0,5591429697661170@email.com,3948318476861920.0,24/10/2016 22:31:08
376.0,8952764626527690@email.com,3948318476861920.0,24/10/2016 22:31:08
377.0,3660935847879480@email.com,1344248181903280.0,25/10/2016 14:04:10
377.0,6094520794696370@email.com,1344248181903280.0,25/10/2016 14:04:10
377.0,5446247560140010@email.com,1344248181903280.0,25/10/2016 14:04:10
377.0,3631685831969180@email.com,1344248181903280.0,25/10/2016 14:04:10
378.0,3819032480386700@email.com,2311422771199590.0,25/10/2016 14:08:44
379.0,5803893291386850@email.com,3256882177311710.0,25/10/2016 16:30:02
380.0,9151822231442650@email.com,6193844392349690.0,25/10/2016 18:01:40
380.0,4326778614655690@email.com,6193844392349690.0,25/10/2016 18:01:40
380.0,1004473872008060@email.com,6193844392349690.0,25/10/2016 18:01:40
381.0,7161958994554980@email.com,8243280164948920.0,25/10/2016 18:12:21
381.0,7944306779381070@email.com,8243280164948920.0,25/10/2016 18:12:21
381.0,5120556947673400@email.com,8243280164948920.0,25/10/2016 18:12:21
382.0,6634897551825600@email.com,4541758124767200.0,25/10/2016 18:47:30
383.0,9334193293388680@email.com,8592547882403379.0,25/10/2016 19:16:26
384.0,9140859435728650@email.com,7305109332200000.0,25/10/2016 19:39:19
385.0,7706669909035580@email.com,5772415778359500.0,25/10/2016 20:05:40
385.0,7706669909035580@email.com,8865703040656400.0,25/10/2016 20:05:40
385.0,2332112988178240@email.com,5772415778359500.0,25/10/2016 20:05:40
385.0,2332112988178240@email.com,8865703040656400.0,25/10/2016 20:05:40
386.0,2036804072866130@email.com,6900348336992280.0,25/10/2016 21:12:59
387.0,6534294095254930@email.com,4116664464195020.0,25/10/2016 22:20:34
387.0,7016229706418140@email.com,4116664464195020.0,25/10/2016 22:20:34
388.0,5593980929420010@email.com,3644363046171960.0,26/10/2016 12:44:49
389.0,2901671021944170@email.com,4591101135076810.0,26/10/2016 16:23:28
389.0,3566794638075730@email.com,4591101135076810.0,26/10/2016 16:23:28
390.0,7453262003395590@email.com,8527395034049139.0,26/10/2016 21:04:07
391.0,6020905411771530@email.com,8446665740572240.0,27/10/2016 18:05:47
391.0,5322449053723210@email.com,9657412915820480.0,27/10/2016 18:05:47
392.0,8229239930910970@email.com,3359311383524050.0,27/10/2016 19:41:41
393.0,2514354118393920@email.com,5857587353919530.0,27/10/2016 20:06:10
394.0,5963701995636630@email.com,7904482242764061.0,27/10/2016 21:19:44
395.0,1512245980104940@email.com,4703849552234090.0,27/10/2016 21:25:24
396.0,2614227251979170@email.com,7685669635794520.0,27/10/2016 21:36:20
396.0,2614227251979170@email.com,7285216161237200.0,27/10/2016 21:36:20
397.0,7287403645218680@email.com,5242980512432940.0,27/10/2016 22:32:53
397.0,7481249463883490@email.com,5242980512432940.0,27/10/2016 22:32:53
398.0,5863023659453200@email.com,4256635411688480.0,27/10/2016 22:37:49
398.0,7624856372672540@email.com,4256635411688480.0,27/10/2016 22:37:49
398.0,9852662660339970@email.com,4256635411688480.0,27/10/2016 22:37:49
398.0,6465346085208530@email.com,4256635411688480.0,27/10/2016 22:37:49
399.0,4017317908669240@email.com,9674436355910690.0,27/10/2016 23:06:11
400.0,2675984845778820@email.com,5659449840421650.0,27/10/2016 23:11:29
401.0,4670899991822470@email.com,3483096334027890.0,28/10/2016 10:40:06
402.0,8432250107791400@email.com,6121781198010410.0,28/10/2016 16:04:34
403.0,4674058903533660@email.com,9395552905600950.0,28/10/2016 16:29:09
404.0,8300014036154540@email.com,3939024795061209.5,28/10/2016 18:50:19
405.0,4472230224618820@email.com,7421900020560040.0,28/10/2016 19:10:03
406.0,3650934742127280@email.com,7802257846819581.0,28/10/2016 19:29:10
407.0,9455626502639900@email.com,2652677625629900.0,28/10/2016 20:31:25
407.0,6569624536751240@email.com,2652677625629900.0,28/10/2016 20:31:25
408.0,7372633206003910@email.com,7419443182080720.0,28/10/2016 21:20:12
408.0,7372633206003910@email.com,2284195962637160.0,28/10/2016 21:20:12
408.0,1600047714835750@email.com,2284195962637160.0,28/10/2016 21:20:12
409.0,4953303703934660@email.com,1061594434788380.0,28/10/2016 21:33:18
409.0,9804848533036060@email.com,1061594434788380.0,28/10/2016 21:33:18
410.0,4759602595021000@email.com,5107073536284480.0,28/10/2016 22:02:14
411.0,6826202377184240@email.com,3780609234484720.0,28/10/2016 22:15:18
412.0,5283370297054170@email.com,7758109400566339.0,28/10/2016 22:18:26
413.0,2574641376243140@email.com,5183112213998580.0,28/10/2016 23:01:51
414.0,7949704099571890@email.com,3772560377932600.0,28/10/2016 23:17:51
414.0,4851339346974830@email.com,3772560377932600.0,28/10/2016 23:17:51
415.0,1916618530149040@email.com,6936901995921660.0,29/10/2016 13:14:15
416.0,6857082540744870@email.com,7615365113439010.0,29/10/2016 13:54:24
417.0,5191888592034600@email.com,2320655940103620.0,29/10/2016 14:51:18
417.0,5191888592034600@email.com,2320655940103620.0,29/10/2016 14:51:18
417.0,5191888592034600@email.com,2320655940103620.0,29/10/2016 14:51:18
417.0,5920120839592430@email.com,2320655940103620.0,29/10/2016 14:51:18
418.0,8061292694545160@email.com,8263381269622550.0,29/10/2016 16:59:06
419.0,1976127066704060@email.com,2091224138199190.0,29/10/2016 17:18:42
419.0,4972639086082520@email.com,2091224138199190.0,29/10/2016 17:18:42
420.0,9853841409792630@email.com,8646261905762390.0,29/10/2016 18:37:01
420.0,3025181979499750@email.com,8646261905762390.0,29/10/2016 18:37:01
420.0,9201776362200230@email.com,8646261905762390.0,29/10/2016 18:37:01
421.0,2739845040419920@email.com,3830240275542110.5,29/10/2016 18:37:18
421.0,5868348971869060@email.com,3830240275542110.5,29/10/2016 18:37:18
422.0,9490851268984410@email.com,9518263703373510.0,29/10/2016 18:42:31
422.0,4688774696505200@email.com,9518263703373510.0,29/10/2016 18:42:31
422.0,9490851268984410@email.com,9518263703373510.0,29/10/2016 18:42:31
423.0,6086873384682170@email.com,6969587380218780.0,29/10/2016 19:54:03
424.0,1274842019961680@email.com,6421243908749900.0,29/10/2016 20:53:32
425.0,6562358130405090@email.com,8065660296662450.0,29/10/2016 22:19:45
426.0,8541070889921910@email.com,5806891195014500.0,29/10/2016 22:56:34
426.0,4163955030093260@email.com,5806891195014500.0,29/10/2016 22:56:34
426.0,7720158181234860@email.com,5806891195014500.0,29/10/2016 22:56:34
426.0,5724800282532600@email.com,5806891195014500.0,29/10/2016 22:56:34
427.0,8557807780947630@email.com,7749843773206200.0,30/10/2016 10:28:13
427.0,6196515492773310@email.com,7749843773206200.0,30/10/2016 10:28:13
428.0,9494739007784310@email.com,6699798918555860.0,30/10/2016 10:29:09
429.0,2548834733096910@email.com,3327750297394160.0,30/10/2016 11:43:17
430.0,5779066036081540@email.com,7059538061143650.0,30/10/2016 12:10:28
431.0,8072259628446590@email.com,7660747895823440.0,30/10/2016 15:32:26
432.0,3522147192383940@email.com,5162851282273300.0,30/10/2016 16:06:49
433.0,7127514680151000@email.com,3957026932044510.5,30/10/2016 17:38:58
434.0,2983032745758520@email.com,5979488488056420.0,30/10/2016 17:44:38
435.0,1367105678151480@email.com,3130945914149840.0,30/10/2016 18:21:57
435.0,9628948161925790@email.com,3130945914149840.0,30/10/2016 18:21:57
435.0,9582272764145800@email.com,3130945914149840.0,30/10/2016 18:21:57
435.0,2848963776143570@email.com,3130945914149840.0,30/10/2016 18:21:57
435.0,3257170586748530@email.com,3130945914149840.0,30/10/2016 18:21:57
436.0,6702583559156150@email.com,4721810546341680.0,30/10/2016 18:23:24
437.0,5975910877981390@email.com,7231674224996070.0,30/10/2016 19:25:54
437.0,5995425170116590@email.com,7231674224996070.0,30/10/2016 19:25:54
438.0,4243691230104900@email.com,9964113130449480.0,30/10/2016 19:34:23
439.0,2773738387084060@email.com,4467774464440030.5,30/10/2016 20:39:40
440.0,5375056876630840@email.com,2017080575853470.0,30/10/2016 20:45:41
440.0,6761878012412780@email.com,2017080575853470.0,30/10/2016 20:45:41
440.0,9571513474389330@email.com,2017080575853470.0,30/10/2016 20:45:41
440.0,7420064890217960@email.com,2017080575853470.0,30/10/2016 20:45:41
440.0,3909722943978330@email.com,2017080575853470.0,30/10/2016 20:45:41
441.0,2069508057490200@email.com,1452401298491910.0,30/10/2016 22:22:43
441.0,2069508057490200@email.com,1452401298491910.0,30/10/2016 22:22:43
441.0,2069508057490200@email.com,7057988855263470.0,30/10/2016 22:22:43
441.0,2069508057490200@email.com,1452401298491910.0,30/10/2016 22:22:43
442.0,4287599628617190@email.com,8106289300010510.0,31/10/2016 10:13:26
443.0,5357475715448570@email.com,6297443162596180.0,31/10/2016 12:43:53
444.0,3149965244387680@email.com,4759092049111260.0,31/10/2016 18:34:05
445.0,5779589941661070@email.com,8859330830266690.0,31/10/2016 18:36:18
445.0,7939787714182160@email.com,8859330830266690.0,31/10/2016 18:36:18
446.0,6102348511808100@email.com,5865641780756280.0,31/10/2016 20:25:49
447.0,3634434640404130@email.com,9151237556735140.0,31/10/2016 20:34:42
448.0,6165122407138430@email.com,2645911397985230.0,31/10/2016 22:59:56
448.0,6165122407138430@email.com,2645911397985230.0,31/10/2016 22:59:56
448.0,6678765283593230@email.com,2645911397985230.0,31/10/2016 22:59:56
449.0,7387681619863330@email.com,4386735309577649.5,01/11/2016 10:18:24
449.0,7387681619863330@email.com,4386735309577649.5,01/11/2016 10:18:24
450.0,3244930773534110@email.com,7905598392860200.0,01/11/2016 13:02:31
450.0,3244930773534110@email.com,7905598392860200.0,01/11/2016 13:02:31
451.0,1411150453323890@email.com,7195107930443550.0,01/11/2016 17:31:56
451.0,5654054709727760@email.com,7195107930443550.0,01/11/2016 17:31:56
452.0,9773073894957050@email.com,1848508775850960.0,01/11/2016 18:08:10
453.0,4366216177776890@email.com,1192724094662070.0,01/11/2016 18:13:44
454.0,6431631118933170@email.com,4710574250787260.0,01/11/2016 18:27:32
455.0,5599556345086180@email.com,2325482894738620.0,01/11/2016 19:35:44
455.0,1444095540474540@email.com,2325482894738620.0,01/11/2016 19:35:44
456.0,6078825297206670@email.com,3488386003280120.0,01/11/2016 20:51:41
457.0,3150564957986300@email.com,8881941160067070.0,02/11/2016 17:00:27
458.0,2906742933583160@email.com,6987006239479550.0,02/11/2016 17:48:05
458.0,5406471045251450@email.com,6987006239479550.0,02/11/2016 17:48:05
458.0,2012287755388370@email.com,6987006239479550.0,02/11/2016 17:48:05
458.0,2690438369911930@email.com,6987006239479550.0,02/11/2016 17:48:05
458.0,9622467950740890@email.com,6987006239479550.0,02/11/2016 17:48:05
459.0,4959283900481320@email.com,4075908388841540.0,02/11/2016 20:25:22
459.0,4959283900481320@email.com,3828498118144089.5,02/11/2016 20:25:22
459.0,1306462698686010@email.com,5390009397433910.0,02/11/2016 20:25:22
460.0,6469466140430960@email.com,4413472333885140.0,02/11/2016 21:33:54
460.0,4118912875648120@email.com,4766217408262690.0,02/11/2016 21:33:54
461.0,2952346143225760@email.com,4890490508510110.0,02/11/2016 22:55:58
462.0,4385257566035550@email.com,4882597228867610.0,03/11/2016 12:08:19
462.0,9810510489169710@email.com,4882597228867610.0,03/11/2016 12:08:19
463.0,7745502414468110@email.com,9218480916021270.0,03/11/2016 12:52:42
464.0,8782534992646220@email.com,9775478966125220.0,03/11/2016 13:48:42
464.0,7805921207964200@email.com,9775478966125220.0,03/11/2016 13:48:42
464.0,5409535686480070@email.com,9775478966125220.0,03/11/2016 13:48:42
465.0,7387681619863330@email.com,4604028042912580.0,03/11/2016 14:39:41
465.0,7387681619863330@email.com,2273014808680660.0,03/11/2016 14:39:41
465.0,7387681619863330@email.com,4621810952308840.0,03/11/2016 14:39:41
465.0,7387681619863330@email.com,2884797165757610.0,03/11/2016 14:39:41
465.0,8859443307293740@email.com,2884797165757610.0,03/11/2016 14:39:41
465.0,7387681619863330@email.com,7136567714398820.0,03/11/2016 14:39:41
465.0,7387681619863330@email.com,2884797165757610.0,03/11/2016 14:39:41
466.0,2440060637205890@email.com,5302050232247260.0,03/11/2016 17:50:48
467.0,3819271201502260@email.com,7517061806215101.0,03/11/2016 18:20:18
468.0,6108551103388200@email.com,3219683973975140.0,03/11/2016 20:11:33
469.0,5238275796863970@email.com,2083236384223680.0,03/11/2016 20:34:07
470.0,4948199807786760@email.com,2602287447716340.0,03/11/2016 20:52:57
471.0,2954823582456940@email.com,7462626844649090.0,03/11/2016 21:31:05
472.0,8987448818340500@email.com,8655252412517520.0,03/11/2016 22:09:50
473.0,4604280476310720@email.com,9891165277860840.0,03/11/2016 22:12:59
474.0,3971787084050510@email.com,3572420113563270.0,03/11/2016 22:42:37
474.0,8641424424418890@email.com,3572420113563270.0,03/11/2016 22:42:37
474.0,5593980929420010@email.com,3572420113563270.0,03/11/2016 22:42:37
475.0,4010390115908750@email.com,3721577101489129.5,04/11/2016 12:46:27
476.0,7197811408469470@email.com,7085053884609520.0,04/11/2016 18:06:28
476.0,5167549107148410@email.com,7085053884609520.0,04/11/2016 18:06:28
476.0,9390604890284580@email.com,7085053884609520.0,04/11/2016 18:06:28
476.0,1512913502993810@email.com,7085053884609520.0,04/11/2016 18:06:28
477.0,4065609479353530@email.com,5225176051874300.0,04/11/2016 18:06:58
477.0,8715190211514390@email.com,5225176051874300.0,04/11/2016 18:06:58
477.0,6895702579697660@email.com,5225176051874300.0,04/11/2016 18:06:58
477.0,5005286633169070@email.com,5225176051874300.0,04/11/2016 18:06:58
478.0,6826202377184240@email.com,1249293242357520.0,04/11/2016 20:02:35
479.0,7027825834214780@email.com,3794416810709440.0,04/11/2016 20:03:36
480.0,4979662490341100@email.com,8575276932486610.0,04/11/2016 21:45:56
480.0,5921788147196990@email.com,8575276932486610.0,04/11/2016 21:45:56
480.0,4842691601245920@email.com,8575276932486610.0,04/11/2016 21:45:56
480.0,6464671440039570@email.com,8575276932486610.0,04/11/2016 21:45:56
480.0,6158626206308840@email.com,8575276932486610.0,04/11/2016 21:45:56
480.0,6691064165167920@email.com,8575276932486610.0,04/11/2016 21:45:56
481.0,6195919694267290@email.com,1524431017353090.0,05/11/2016 11:35:12
481.0,4714003210975640@email.com,2669163834877140.0,05/11/2016 11:35:12
482.0,4802012069306030@email.com,5470266661936790.0,05/11/2016 13:10:33
482.0,4785347684803510@email.com,5470266661936790.0,05/11/2016 13:10:33
482.0,6494257421953520@email.com,5470266661936790.0,05/11/2016 13:10:33
482.0,8754266632906420@email.com,5470266661936790.0,05/11/2016 13:10:33
482.0,7492451015074490@email.com,5470266661936790.0,05/11/2016 13:10:33
482.0,2443429998768300@email.com,5470266661936790.0,05/11/2016 13:10:33
482.0,3083462565089100@email.com,5470266661936790.0,05/11/2016 13:10:33
482.0,1616506117375900@email.com,5470266661936790.0,05/11/2016 13:10:33
482.0,8980683516295100@email.com,5470266661936790.0,05/11/2016 13:10:33
482.0,1629129954405580@email.com,5470266661936790.0,05/11/2016 13:10:33
483.0,6925096501139480@email.com,6092430430229970.0,05/11/2016 13:16:16
484.0,7421197980158520@email.com,2047204093122930.0,05/11/2016 19:07:05
484.0,7421197980158520@email.com,2047204093122930.0,05/11/2016 19:07:05
485.0,7050440948784670@email.com,7077507510062040.0,05/11/2016 19:26:06
485.0,7050440948784670@email.com,7077507510062040.0,05/11/2016 19:26:06
486.0,6703379627410810@email.com,7565167676313670.0,05/11/2016 20:52:52
486.0,1324531759777560@email.com,7565167676313670.0,05/11/2016 20:52:52
486.0,9341207066682940@email.com,7565167676313670.0,05/11/2016 20:52:52
486.0,9350463195338300@email.com,7565167676313670.0,05/11/2016 20:52:52
486.0,1324531759777560@email.com,7565167676313670.0,05/11/2016 20:52:52
487.0,1217102479117350@email.com,7360168015368990.0,05/11/2016 21:13:06
487.0,6391088617132640@email.com,7360168015368990.0,05/11/2016 21:13:06
488.0,4198168507162360@email.com,4980152710650740.0,05/11/2016 21:49:40
488.0,3063068241558750@email.com,4980152710650740.0,05/11/2016 21:49:40
489.0,7399419468422770@email.com,1108145543353430.0,05/11/2016 22:45:16
489.0,5393361062415940@email.com,1108145543353430.0,05/11/2016 22:45:16
489.0,7036020817989030@email.com,1108145543353430.0,05/11/2016 22:45:16
489.0,9466416217363920@email.com,1108145543353430.0,05/11/2016 22:45:16
490.0,1915416112756000@email.com,6937242651312440.0,05/11/2016 22:44:39
491.0,6281168727566300@email.com,7422373476426810.0,06/11/2016 11:02:46
492.0,7295996558771850@email.com,3286473173087180.0,06/11/2016 11:39:38
492.0,7100829005023070@email.com,3286473173087180.0,06/11/2016 11:39:38
492.0,4949123474287040@email.com,3286473173087180.0,06/11/2016 11:39:38
492.0,4707785298366970@email.com,3286473173087180.0,06/11/2016 11:39:38
492.0,7100829005023070@email.com,3286473173087180.0,06/11/2016 11:39:38
493.0,2530861725117970@email.com,8982125040661830.0,06/11/2016 13:41:36
493.0,1373133535419650@email.com,8982125040661830.0,06/11/2016 13:41:36
493.0,2530861725117970@email.com,8982125040661830.0,06/11/2016 13:41:36
493.0,1401470148268380@email.com,8982125040661830.0,06/11/2016 13:41:36
494.0,7907603316330950@email.com,3742331168436480.0,06/11/2016 14:06:22
494.0,7215145494439130@email.com,3742331168436480.0,06/11/2016 14:06:22
494.0,8776417991974470@email.com,3742331168436480.0,06/11/2016 14:06:22
495.0,2466173890381940@email.com,9603962842651170.0,06/11/2016 17:29:46
495.0,2466173890381940@email.com,9603962842651170.0,06/11/2016 17:29:46
495.0,1265912253339370@email.com,9603962842651170.0,06/11/2016 17:29:46
495.0,2791612834147760@email.com,9603962842651170.0,06/11/2016 17:29:46
495.0,5469294445880670@email.com,9603962842651170.0,06/11/2016 17:29:46
495.0,8744692426395710@email.com,9603962842651170.0,06/11/2016 17:29:46
496.0,6858721240052940@email.com,1996524549404160.0,06/11/2016 17:50:01
497.0,6380279508551610@email.com,2178107894245270.0,06/11/2016 19:19:17
497.0,4243691230104900@email.com,2178107894245270.0,06/11/2016 19:19:17
498.0,2808718597936570@email.com,4565622834269410.0,06/11/2016 19:30:28
498.0,5260021824250150@email.com,4565622834269410.0,06/11/2016 19:30:28
499.0,4650488341650800@email.com,7512001922216910.0,06/11/2016 20:21:27
499.0,8605368049587380@email.com,7512001922216910.0,06/11/2016 20:21:27
499.0,1140656998899410@email.com,7512001922216910.0,06/11/2016 20:21:27
499.0,6418202459432050@email.com,7512001922216910.0,06/11/2016 20:21:27
499.0,2261417637086590@email.com,7512001922216910.0,06/11/2016 20:21:27
499.0,3899882721329750@email.com,7512001922216910.0,06/11/2016 20:21:27
499.0,2139819563143750@email.com,7512001922216910.0,06/11/2016 20:21:27
499.0,4251463883813690@email.com,7512001922216910.0,06/11/2016 20:21:27
500.0,5851617210959860@email.com,7214894578054320.0,06/11/2016 21:11:54
500.0,5851617210959860@email.com,1227894447160710.0,06/11/2016 21:11:54
500.0,5729471319788280@email.com,7214894578054320.0,06/11/2016 21:11:54
501.0,5997083382299710@email.com,5551543424952170.0,07/11/2016 13:16:24
502.0,9582272764145800@email.com,8363118396295090.0,07/11/2016 14:51:19
502.0,3257170586748530@email.com,8363118396295090.0,07/11/2016 14:51:19
503.0,5393664045644930@email.com,9887907829741060.0,07/11/2016 17:07:05
504.0,6875947920033350@email.com,8588363158830621.0,07/11/2016 22:01:35
505.0,9386368245912160@email.com,7383721805336019.0,08/11/2016 16:54:11
506.0,6987820345186610@email.com,8799628983551990.0,08/11/2016 21:19:46
507.0,4089012228481320@email.com,8237125211343160.0,09/11/2016 10:56:31
508.0,5318869184744490@email.com,8573292351536861.0,09/11/2016 11:01:05
509.0,,8138152344588270.0,09/11/2016 13:41:07
509.0,7730910017369430@email.com,8138152344588270.0,09/11/2016 13:41:07
509.0,3356599986914380@email.com,8138152344588270.0,09/11/2016 13:41:07
509.0,9660076319512670@email.com,8138152344588270.0,09/11/2016 13:41:07
509.0,4611232952603640@email.com,8138152344588270.0,09/11/2016 13:41:07
509.0,7884316432256180@email.com,8138152344588270.0,09/11/2016 13:41:07
509.0,3190761987465410@email.com,8138152344588270.0,09/11/2016 13:41:07
509.0,7710406845151630@email.com,8138152344588270.0,09/11/2016 13:41:07
509.0,2370461517634100@email.com,8138152344588270.0,09/11/2016 13:41:07
509.0,6406643543252640@email.com,8138152344588270.0,09/11/2016 13:41:07
509.0,7730910017369430@email.com,8138152344588270.0,09/11/2016 13:41:07
509.0,3356599986914380@email.com,8138152344588270.0,09/11/2016 13:41:07
509.0,3992440935089970@email.com,4065890443038289.5,09/11/2016 13:41:07
509.0,5817740272154030@email.com,8138152344588270.0,09/11/2016 13:41:07
509.0,9436926093348860@email.com,8138152344588270.0,09/11/2016 13:41:07
509.0,9498058656985520@email.com,8138152344588270.0,09/11/2016 13:41:07
509.0,8928343473726940@email.com,8138152344588270.0,09/11/2016 13:41:07
509.0,4611232952603640@email.com,4065890443038289.5,09/11/2016 13:41:07
509.0,4611232952603640@email.com,8138152344588270.0,09/11/2016 13:41:07
509.0,8713134894405090@email.com,8138152344588270.0,09/11/2016 13:41:07
509.0,2344919509558480@email.com,8138152344588270.0,09/11/2016 13:41:07
509.0,5437099362808460@email.com,4065890443038289.5,09/11/2016 13:41:07
509.0,5437099362808460@email.com,8138152344588270.0,09/11/2016 13:41:07
509.0,1473516801755910@email.com,8138152344588270.0,09/11/2016 13:41:07
509.0,8342518856590520@email.com,8138152344588270.0,09/11/2016 13:41:07
509.0,2975421506676330@email.com,8138152344588270.0,09/11/2016 13:41:07
509.0,1888071165657320@email.com,8138152344588270.0,09/11/2016 13:41:07
509.0,6781056586312320@email.com,8138152344588270.0,09/11/2016 13:41:07
509.0,5997786489640890@email.com,8138152344588270.0,09/11/2016 13:41:07
509.0,1344759476332680@email.com,8138152344588270.0,09/11/2016 13:41:07
509.0,1582150284616690@email.com,8138152344588270.0,09/11/2016 13:41:07
510.0,2288334542598910@email.com,7836778362733770.0,09/11/2016 17:14:01
511.0,3922233495182260@email.com,8358457248196800.0,09/11/2016 20:51:39
511.0,3922233495182260@email.com,5396886446622120.0,09/11/2016 20:51:39
511.0,8356757126933350@email.com,8358457248196800.0,09/11/2016 20:51:39
512.0,8306517822505080@email.com,7398890942407240.0,09/11/2016 22:41:02
512.0,9880529933987170@email.com,7398890942407240.0,09/11/2016 22:41:02
513.0,2654423454980090@email.com,7106886003361510.0,09/11/2016 23:21:11
513.0,9749649246989880@email.com,7106886003361510.0,09/11/2016 23:21:11
513.0,3179106304498810@email.com,7106886003361510.0,09/11/2016 23:21:11
513.0,5698072736725900@email.com,7106886003361510.0,09/11/2016 23:21:11
513.0,4509223940080250@email.com,7106886003361510.0,09/11/2016 23:21:11
514.0,2470482240556140@email.com,5180751706134940.0,10/11/2016 11:42:45
