id,date,store_id,unique_customer_id,cost_total,delivery_cost,refund_total,delivery_refund_total
6375954,2022-07-03 14:14:37,1994,178786,54.13,3.0,1.8,0.0
6375955,2022-07-03 14:14:36,1131,38225,15.74,2.0,0.0,0.0
6375957,2022-07-03 14:14:47,1948,250081,14.9,3.0,0.0,0.0
6375958,2022-07-03 14:14:44,2957,351797,20.95,3.0,0.0,0.0
6974222,2022-08-22 16:53:19,1378,52326,36.22,4.0,0.5,0.0
6375962,2022-07-03 14:14:59,1948,286993,11.89,3.0,0.0,0.0
6375963,2022-07-03 14:15:01,1009,269510,14.68,2.5,0.77,0.0
6375964,2022-07-03 14:15:04,1402,356017,6.58,3.0,0.0,0.0
6375965,2022-07-03 14:15:23,787,38241,11.42,3.0,0.0,0.0
6375966,2022-07-03 14:15:11,2095,209573,45.43,2.5,0.0,0.0
6375967,2022-07-03 14:15:08,1770,386568,25.23,3.0,0.0,0.0
6375970,2022-07-03 14:15:22,2934,314220,32.2,3.0,0.0,0.0
6375968,2022-07-03 14:15:25,1994,323814,36.14,3.0,1.3,0.0
6375971,2022-07-03 14:16:06,3052,383252,16.7,0.0,1.29,0.0
6375973,2022-07-03 14:16:38,1000,40359,18.74,3.0,0.0,0.0
6375976,2022-07-03 14:15:21,1409,63315,49.03,2.5,0.0,0.0
6375977,2022-07-03 14:16:21,2471,310613,14.09,1.99,0.0,0.0
6375978,2022-07-03 14:15:54,1944,195719,47.34,2.95,0.0,0.0
6375979,2022-07-03 14:15:38,3062,381828,26.08,0.0,0.0,0.0
6375980,2022-07-03 14:15:46,2073,359421,15.09,2.0,0.0,0.0
6375981,2022-07-03 14:15:43,1187,84914,27.33,3.0,0.0,0.0
6375982,2022-07-03 14:15:35,1271,236963,11.2,3.0,0.0,0.0
6375983,2022-07-03 14:16:01,1285,103018,32.48,3.0,0.0,0.0
6375984,2022-07-03 14:17:52,2197,386569,19.41,3.0,0.0,0.0
6375985,2022-07-03 14:15:49,1621,248620,16.17,2.95,0.0,0.0
6375987,2022-07-03 14:15:39,1982,15154,25.45,3.0,0.0,0.0
6375990,2022-07-03 14:16:05,1131,382873,16.21,2.0,0.0,0.0
6375991,2022-07-03 14:16:03,2471,325145,20.23,1.99,0.0,0.0
6376151,2022-07-03 14:25:15,1244,36880,22.81,3.0,0.0,0.0
6375992,2022-07-03 14:15:57,1856,173394,20.73,3.0,0.0,0.0
6375995,2022-07-03 14:16:19,1518,175962,17.24,3.0,0.0,0.0
6375996,2022-07-03 14:16:29,1402,126110,26.74,3.0,0.0,0.0
6375997,2022-07-03 14:16:33,1340,177394,25.16,3.0,0.0,0.0
6375998,2022-07-03 14:17:05,1422,140344,23.14,3.0,0.0,0.0
6376001,2022-07-03 14:16:32,1992,80677,11.6,1.99,0.0,0.0
6376002,2022-07-03 14:16:52,1315,49715,37.95,3.25,8.69,0.0
6376003,2022-07-03 14:16:41,2468,291139,19.54,3.0,0.0,0.0
6376004,2022-07-03 14:16:59,2928,105501,32.07,3.0,0.0,0.0
6376005,2022-07-03 14:16:54,2311,149623,36.04,3.5,0.0,0.0
6376006,2022-07-03 14:17:01,1621,357053,23.31,2.95,0.0,0.0
6376007,2022-07-03 14:17:10,997,154010,15.54,3.0,0.0,0.0
6376008,2022-07-03 14:17:53,2810,386570,12.15,0.0,0.0,0.0
6376009,2022-07-03 14:18:00,2656,297291,20.85,0.0,0.0,0.0
6376010,2022-07-03 14:17:07,1068,290690,29.3,2.0,0.0,0.0
6376012,2022-07-03 14:17:07,2311,326796,63.86,2.5,0.0,0.0
6376013,2022-07-03 14:17:10,984,245561,14.97,3.0,0.0,0.0
6376014,2022-07-03 14:17:37,806,65152,36.81,3.0,0.0,0.0
6376016,2022-07-03 14:17:35,1509,264976,15.33,3.0,1.49,0.0
6974223,2022-08-22 16:52:55,2579,200477,16.93,2.0,0.0,0.0
6376018,2022-07-03 14:18:40,995,363789,24.95,3.0,2.49,0.0
6376019,2022-07-03 14:18:16,1872,140524,45.43,3.5,0.0,0.0
6376020,2022-07-03 14:18:13,2259,168996,19.38,3.0,0.0,0.0
6376021,2022-07-03 14:18:00,2396,144986,33.49,3.0,0.0,0.0
6376022,2022-07-03 14:17:57,1477,94292,41.79,1.99,0.0,0.0
6376023,2022-07-03 14:18:05,2099,210893,17.74,2.0,0.0,0.0
6376024,2022-07-03 14:18:09,2628,157503,36.42,3.0,0.0,0.0
6376026,2022-07-03 14:18:13,1362,170239,19.68,3.0,0.0,0.0
6376028,2022-07-03 14:18:17,2471,275097,21.55,1.99,0.0,0.0
6376029,2022-07-03 14:18:40,1295,118249,24.59,2.0,0.0,0.0
6376030,2022-07-03 14:18:23,3073,350391,14.4,3.0,0.0,0.0
6376031,2022-07-03 14:18:26,2250,179552,19.79,3.0,0.0,0.0
6376032,2022-07-03 14:20:25,2477,200645,21.85,3.0,0.0,0.0
6376033,2022-07-03 14:18:40,1029,258087,15.0,2.0,0.0,0.0
6376034,2022-07-03 14:20:15,1997,82266,24.9,3.0,0.0,0.0
6376035,2022-07-03 14:18:42,1856,278533,22.95,3.0,1.75,0.0
6376036,2022-07-03 14:18:50,2311,163230,24.18,2.5,0.0,0.0
6974224,2022-08-22 16:53:31,1022,140688,3.23,3.0,0.0,0.0
6376038,2022-07-03 14:18:53,1646,117024,26.29,3.5,3.99,0.0
6376039,2022-07-03 14:18:52,1631,185892,12.69,3.0,0.0,0.0
6376041,2022-07-03 14:19:04,30,56222,20.73,3.0,0.0,0.0
6376043,2022-07-03 14:19:09,1956,156368,13.17,3.5,0.0,0.0
6376044,2022-07-03 14:19:15,1206,120089,41.1,3.0,0.0,0.0
6376045,2022-07-03 14:20:02,2905,367359,23.97,0.0,1.1,0.0
6376048,2022-07-03 14:20:34,2436,256826,8.3,3.0,0.0,0.0
6376049,2022-07-03 14:19:25,791,240486,21.24,3.0,0.0,0.0
6376050,2022-07-03 14:19:23,806,355744,50.68,3.0,0.0,0.0
6376052,2022-07-03 14:19:30,1105,282855,29.71,1.99,0.0,0.0
6376053,2022-07-03 14:19:39,2963,73052,27.34,3.0,0.95,0.0
6376055,2022-07-03 14:20:08,1900,177182,17.27,2.0,0.0,0.0
6376056,2022-07-03 14:20:13,1179,304611,26.79,3.0,0.0,0.0
6376057,2022-07-03 14:19:58,1950,288007,32.76,3.0,0.0,0.0
6376058,2022-07-03 14:20:04,787,83896,21.62,3.0,0.0,0.0
6376060,2022-07-03 14:20:00,1022,181448,21.6,3.0,0.0,0.0
6376061,2022-07-03 14:20:08,3092,386571,34.02,0.0,0.0,0.0
6376062,2022-07-03 14:20:35,1323,78826,40.24,3.0,5.37,0.0
6376063,2022-07-03 14:20:13,2488,328874,34.7,2.0,0.0,0.0
6376064,2022-07-03 14:20:15,998,60012,8.79,3.0,0.0,0.0
6376065,2022-07-03 14:20:14,2099,263425,15.65,3.5,0.0,0.0
6376066,2022-07-03 14:20:22,2335,264957,22.0,3.0,0.0,0.0
6376069,2022-07-03 14:21:24,1030,233509,24.4,3.0,0.0,0.0
6376070,2022-07-03 14:20:19,1640,336409,19.17,3.0,0.0,0.0
6376072,2022-07-03 14:20:30,1401,365674,18.45,3.0,0.0,0.0
6376073,2022-07-03 14:21:11,115,2483,24.31,2.5,0.0,0.0
6376074,2022-07-03 14:20:30,1956,250018,14.12,3.5,0.0,0.0
6376075,2022-07-03 14:20:47,1388,88941,18.22,3.0,0.0,0.0
6376077,2022-07-03 14:20:55,806,15964,28.6,3.0,0.0,0.0
6376078,2022-07-03 14:21:17,2701,342470,21.04,3.0,0.0,0.0
6376079,2022-07-03 14:21:05,2436,374006,26.65,3.0,0.0,0.0
6376080,2022-07-03 14:21:14,892,212736,19.75,3.0,0.0,0.0
6376081,2022-07-03 14:21:34,1045,270779,20.14,2.1,0.0,0.0
6376082,2022-07-03 14:21:53,1131,368944,18.64,2.0,0.0,0.0
6376084,2022-07-03 14:22:18,1022,313285,8.83,3.0,0.0,0.0
6376085,2022-07-03 14:21:26,1944,227273,39.24,2.95,0.0,0.0
6376086,2022-07-03 14:22:17,86,123683,17.85,3.0,0.0,0.0
6376088,2022-07-03 14:21:28,2560,113773,13.03,0.0,0.0,0.0
6376089,2022-07-03 14:21:19,2844,384227,29.99,3.0,0.0,0.0
6376090,2022-07-03 14:21:39,1927,127327,30.82,2.0,0.0,0.0
6376092,2022-07-03 14:37:56,2272,77716,38.17,0.99,0.0,0.0
6376093,2022-07-03 14:21:53,1328,81443,21.24,3.0,6.48,0.0
6376099,2022-07-03 14:22:31,1097,386572,21.81,0.0,0.0,0.0
6376100,2022-07-03 14:22:35,806,16965,18.92,3.0,0.0,0.0
6974225,2022-08-22 16:52:57,1022,411435,3.23,3.0,0.0,0.0
6376102,2022-07-03 14:22:50,1186,383554,36.5,3.0,0.0,0.0
6376104,2022-07-03 14:24:16,2680,259184,20.9,2.5,0.0,0.0
6376105,2022-07-03 14:22:18,2243,232130,28.57,3.5,0.0,0.0
6376108,2022-07-03 14:22:37,2099,306765,24.6,2.0,0.0,0.0
6376110,2022-07-03 14:22:34,1569,133217,27.55,3.0,0.15,0.0
6376111,2022-07-03 14:22:49,208,14626,11.0,2.99,0.0,0.0
6376114,2022-07-03 14:24:54,1378,386573,18.39,4.0,0.99,0.0
6376117,2022-07-03 14:23:20,2432,256114,20.41,3.99,0.0,0.0
6376118,2022-07-03 14:23:18,1112,72160,23.82,0.0,0.0,0.0
6376120,2022-07-03 14:23:27,1101,81761,54.88,1.99,0.0,0.0
6376121,2022-07-03 14:24:12,787,190242,14.74,3.0,0.0,0.0
6376122,2022-07-03 14:23:57,1388,99157,16.42,3.0,0.0,0.0
6376123,2022-07-03 14:23:22,1049,34650,24.77,2.0,0.0,0.0
6376124,2022-07-03 14:23:32,2293,203339,17.97,3.0,0.6,0.0
6376125,2022-07-03 14:23:31,2316,150649,13.45,1.0,0.0,0.0
6376126,2022-07-03 14:23:43,2700,130678,19.54,2.5,0.0,0.0
6376127,2022-07-03 14:23:52,1992,93169,24.67,1.99,0.0,0.0
6376128,2022-07-03 14:23:32,1295,269933,19.81,2.0,0.0,0.0
6376129,2022-07-03 14:23:28,1130,236742,36.22,3.0,5.78,0.0
6376130,2022-07-03 14:23:51,997,82864,21.56,3.0,0.0,0.0
6376131,2022-07-03 14:23:42,1409,71924,15.52,3.0,0.0,0.0
6376133,2022-07-03 14:23:34,2311,75281,29.16,3.5,0.1,0.0
6376134,2022-07-03 14:23:51,997,51734,36.02,3.0,2.2,0.0
6376135,2022-07-03 14:23:57,1944,58079,30.02,2.95,0.0,0.0
6376137,2022-07-03 14:25:18,2314,319379,50.46,3.0,8.2,0.0
6376138,2022-07-03 14:23:52,2099,238232,65.11,2.0,0.0,0.0
6376139,2022-07-03 14:24:40,1869,246893,30.11,3.0,0.0,0.0
6376140,2022-07-03 14:24:23,892,11438,32.96,3.0,0.0,0.0
6376141,2022-07-03 14:24:21,2642,230792,20.05,1.99,3.99,0.0
6376142,2022-07-03 14:24:31,2451,386574,10.88,3.0,0.0,0.0
6376144,2022-07-03 14:24:30,1119,132047,25.79,0.0,0.0,0.0
6376145,2022-07-03 14:24:35,1296,55794,40.9,3.0,0.0,0.0
6974226,2022-08-22 16:54:36,1022,112733,15.09,3.0,0.0,0.0
6376147,2022-07-03 14:24:48,1350,382509,23.98,3.0,0.0,0.0
6376148,2022-07-03 14:33:42,1477,130219,26.03,1.99,0.0,0.0
6376149,2022-07-03 14:25:10,86,159774,30.15,3.0,0.04,0.0
6376150,2022-07-03 14:25:11,1900,171873,14.47,2.0,1.17,0.0
6376152,2022-07-03 14:26:09,2023,323573,18.21,3.0,0.0,0.0
6376153,2022-07-03 14:24:56,2886,41023,23.35,3.0,0.0,0.0
6376154,2022-07-03 14:25:33,1367,91410,26.15,0.0,0.0,0.0
6376156,2022-07-03 14:25:02,994,42495,25.84,3.5,0.0,0.0
6376157,2022-07-03 14:24:58,1916,154017,16.31,3.0,0.0,0.0
6376158,2022-07-03 14:25:28,2543,345278,45.9,3.0,0.0,0.0
6376160,2022-07-03 14:25:10,1926,91427,14.04,3.0,0.0,0.0
6376161,2022-07-03 14:25:13,1006,81606,33.76,3.0,3.49,0.0
6376163,2022-07-03 14:25:21,2311,319588,10.29,2.5,0.0,0.0
6376165,2022-07-03 14:25:43,1569,243832,29.01,3.0,0.0,0.0
6376167,2022-07-03 14:25:43,1099,386575,43.04,3.0,0.0,0.0
6376168,2022-07-03 14:25:50,1518,197895,34.79,3.0,0.0,0.0
6376169,2022-07-03 14:26:16,2905,376866,19.24,0.0,0.0,0.0
6376171,2022-07-03 14:25:59,1631,320863,13.19,3.0,0.0,0.0
6376172,2022-07-03 14:26:15,1524,381546,30.34,2.0,0.0,0.0
6376173,2022-07-03 14:26:42,1184,56250,45.43,3.0,1.09,0.0
6974227,2022-08-22 16:52:59,2311,274878,34.96,3.0,0.0,0.0
6376178,2022-07-03 14:26:04,3055,16196,84.62,3.0,0.0,0.0
6376181,2022-07-03 14:26:18,1869,152528,11.02,3.0,0.0,0.0
6376184,2022-07-03 14:26:22,2336,269848,22.78,0.0,0.0,0.0
6376187,2022-07-03 14:27:15,1422,277771,15.91,3.0,0.0,0.0
6376188,2022-07-03 14:27:07,1670,156900,19.49,3.0,0.0,0.0
6376189,2022-07-03 14:27:38,1131,50183,16.77,2.0,0.0,0.0
6376192,2022-07-03 14:26:49,1049,107380,35.75,2.0,0.0,0.0
6376193,2022-07-03 14:27:04,1049,105132,32.59,2.0,0.0,0.0
6376196,2022-07-03 14:27:32,1949,318846,13.9,3.0,0.0,0.0
6376197,2022-07-03 14:27:12,1062,227827,9.97,3.0,0.0,0.0
6376198,2022-07-03 14:29:46,1342,257361,40.3,0.0,0.0,0.0
6376199,2022-07-03 14:27:51,2934,345887,45.23,3.0,0.0,0.0
6376200,2022-07-03 14:27:35,2955,159229,28.53,2.0,0.0,0.0
6376203,2022-07-03 14:27:32,1920,302528,17.12,3.0,0.0,0.0
6376204,2022-07-03 14:29:43,2267,15664,14.96,3.0,2.49,0.0
6376205,2022-07-03 14:27:44,2614,199517,27.92,2.5,0.0,0.0
6376206,2022-07-03 14:28:40,1295,342023,12.48,2.0,0.0,0.0
6376207,2022-07-03 14:27:46,2314,365652,11.41,3.0,0.0,0.0
6376208,2022-07-03 14:27:38,2911,254596,32.86,0.0,0.0,0.0
6376210,2022-07-03 14:27:47,208,10774,16.04,2.99,0.0,0.0
6376212,2022-07-03 14:27:54,982,273264,32.63,3.0,0.0,0.0
6376213,2022-07-03 14:27:49,1872,118262,23.86,3.5,0.0,0.0
6376214,2022-07-03 14:27:58,2685,385464,12.88,0.0,0.0,0.0
6376215,2022-07-03 14:27:55,2279,86254,13.92,3.0,0.0,0.0
6376216,2022-07-03 14:27:58,1295,227153,22.17,2.0,0.0,0.0
6376217,2022-07-03 14:28:05,1285,79124,36.06,3.0,0.0,0.0
6376218,2022-07-03 14:28:12,2911,386577,20.38,0.0,0.0,0.0
6376221,2022-07-03 14:28:09,950,386578,12.67,3.0,0.0,0.0
6376222,2022-07-03 14:28:26,2668,213263,13.89,3.0,0.0,0.0
6376224,2022-07-03 14:28:33,787,310398,26.99,3.0,0.0,0.0
6376225,2022-07-03 14:28:31,86,62999,22.53,3.0,0.99,0.0
6376226,2022-07-03 14:28:39,950,115032,28.83,3.0,0.0,0.0
6376227,2022-07-03 14:29:22,1341,108718,20.58,3.0,0.0,0.0
6376229,2022-07-03 14:28:59,2471,225078,13.91,1.99,0.0,0.0
6376230,2022-07-03 14:29:02,1631,217549,25.16,3.0,0.0,0.0
6376231,2022-07-03 14:29:06,981,26165,45.85,3.5,0.0,0.0
6376232,2022-07-03 14:29:07,2543,105122,9.23,3.0,0.0,0.0
6376233,2022-07-03 14:29:15,1041,112569,21.5,3.0,0.0,0.0
6376234,2022-07-03 14:29:35,1482,371639,37.72,3.0,1.29,0.0
6376236,2022-07-03 14:29:42,1328,380325,11.07,3.0,1.0,0.0
6376300,2022-07-03 14:35:42,1927,287036,20.11,2.0,0.0,0.0
6376239,2022-07-03 14:29:46,1912,147863,18.04,3.0,0.0,0.0
6376240,2022-07-03 14:30:32,1074,33431,17.9,3.25,0.0,0.0
6376241,2022-07-03 14:30:02,2685,370304,25.0,0.0,1.3,0.0
6376242,2022-07-03 14:30:39,1074,57323,13.28,3.25,0.0,0.0
6376243,2022-07-03 14:30:12,2432,249642,30.61,3.99,0.0,0.0
6376246,2022-07-03 14:30:25,787,175818,16.0,3.0,0.0,0.0
6376247,2022-07-03 14:30:42,1131,243055,35.43,2.0,0.0,0.0
6376248,2022-07-03 14:31:10,1524,367634,21.7,2.0,0.0,0.0
6376249,2022-07-03 14:30:45,997,232602,30.72,3.0,0.0,0.0
6376250,2022-07-03 14:30:40,1049,21730,12.92,2.0,0.0,0.0
6376251,2022-07-03 14:30:57,2642,328268,50.72,1.99,0.0,0.0
6376253,2022-07-03 14:30:56,992,96569,27.34,3.0,0.0,0.0
6376254,2022-07-03 14:32:31,997,295920,13.91,3.0,0.0,0.0
6376256,2022-07-03 14:31:28,1944,175854,18.35,2.95,0.0,0.0
6376257,2022-07-03 14:32:05,2912,386579,13.78,3.0,0.0,0.0
6376259,2022-07-03 14:31:53,988,22874,29.53,3.0,0.0,0.0
6376260,2022-07-03 14:32:15,1127,264960,55.3,3.0,0.0,0.0
6376261,2022-07-03 14:31:25,208,4800,19.58,2.99,0.0,0.0
6376262,2022-07-03 14:31:39,1041,344208,45.48,3.0,0.0,0.0
6376263,2022-07-03 14:31:35,1084,315553,29.77,3.0,0.0,0.0
6376264,2022-07-03 14:32:10,2308,248811,22.29,3.0,0.0,0.0
6376265,2022-07-03 14:32:22,1041,250466,24.53,3.0,0.45,0.0
6376266,2022-07-03 14:35:38,3079,372070,14.2,1.0,0.0,0.0
6376268,2022-07-03 14:31:49,969,244926,29.56,3.0,0.85,0.0
6376269,2022-07-03 14:32:04,1527,76536,68.36,2.95,0.0,0.0
6376270,2022-07-03 14:32:00,1009,386580,16.52,2.5,0.0,0.0
6376271,2022-07-03 14:32:14,1282,115890,35.17,3.0,0.0,0.0
6376272,2022-07-03 14:32:34,787,386517,19.44,3.0,0.0,0.0
6376277,2022-07-03 14:36:05,1929,173649,21.45,3.0,0.0,0.0
6376278,2022-07-03 14:33:20,1617,339464,15.14,3.0,0.0,0.0
6376279,2022-07-03 14:34:05,1068,73323,15.89,2.0,0.0,0.0
6376281,2022-07-03 14:33:26,1366,342341,40.95,0.0,0.0,0.0
6376284,2022-07-03 14:33:34,1294,130253,30.42,3.7,0.0,0.0
6376286,2022-07-03 14:33:56,2963,30147,44.2,3.0,8.75,0.0
6376287,2022-07-03 14:34:16,981,125116,35.05,3.5,0.0,0.0
6376288,2022-07-03 14:33:41,2683,337298,13.44,2.0,0.0,0.0
6376289,2022-07-03 14:34:12,2077,360607,31.48,2.5,0.0,0.0
6376290,2022-07-03 14:34:35,1277,42926,18.7,4.25,0.0,0.0
6376293,2022-07-03 14:34:09,1054,107667,40.85,1.99,0.0,0.0
6376294,2022-07-03 14:34:21,2000,186279,38.17,3.25,0.0,0.0
6376295,2022-07-03 14:34:23,2955,51088,31.89,2.0,0.0,0.0
6376296,2022-07-03 14:34:20,1389,332599,43.39,2.5,0.0,0.0
6376298,2022-07-03 14:34:21,2803,126867,32.09,0.0,0.0,0.0
6376299,2022-07-03 14:34:18,2947,386581,8.93,3.0,0.0,0.0
6376301,2022-07-03 14:36:18,115,125381,26.7,2.5,0.0,0.0
6376302,2022-07-03 14:34:30,1631,109310,30.76,3.0,0.0,0.0
6376304,2022-07-03 14:34:28,992,57274,43.08,3.0,0.0,0.0
6376305,2022-07-03 14:35:18,1939,307443,21.13,3.0,2.25,0.0
6376307,2022-07-03 14:34:29,1084,378794,29.81,3.0,1.16,0.0
6376308,2022-07-03 14:35:09,1947,199362,18.75,3.0,0.0,0.0
6376309,2022-07-03 14:34:47,1341,368558,76.25,3.0,0.0,0.0
6376310,2022-07-03 14:34:49,1055,26438,36.59,4.0,0.0,0.0
6376312,2022-07-03 14:35:08,1742,223320,35.77,3.99,0.0,0.0
6376313,2022-07-03 14:35:04,1103,129255,15.91,3.0,0.0,0.0
6376316,2022-07-03 14:36:10,1123,319049,13.44,3.0,0.0,0.0
6376317,2022-07-03 14:35:25,2614,147697,14.22,2.5,1.0,0.0
6974228,2022-08-22 16:53:27,1963,158226,8.2,3.0,0.0,0.0
6376321,2022-07-03 14:35:26,1074,71924,14.17,3.25,0.0,0.0
6376324,2022-07-03 14:36:28,1462,376305,38.26,1.99,0.0,0.0
6376325,2022-07-03 14:35:55,586,267963,28.84,3.5,2.08,0.0
6376327,2022-07-03 14:36:06,2844,122783,22.63,3.0,0.0,0.0
6376329,2022-07-03 14:36:03,1900,121505,8.84,2.0,0.0,0.0
6376331,2022-07-03 14:35:58,1950,198554,37.63,3.0,0.0,0.0
6376332,2022-07-03 14:36:11,1203,324810,32.42,0.0,0.0,0.0
6376333,2022-07-03 14:36:08,1022,351670,10.5,3.0,0.0,0.0
6376335,2022-07-03 14:37:37,2573,313276,89.73,2.0,0.0,0.0
6376337,2022-07-03 14:36:21,1101,107664,8.29,1.99,0.0,0.0
6376338,2022-07-03 14:36:15,1210,368036,33.24,3.0,0.0,0.0
6376340,2022-07-03 14:36:20,1074,142336,15.95,3.25,0.0,0.0
6376341,2022-07-03 14:36:19,2471,377855,17.84,1.99,0.0,0.0
6376342,2022-07-03 14:36:42,2057,243258,43.13,3.0,0.0,0.0
6376343,2022-07-03 14:36:51,2322,174156,18.55,3.0,0.0,0.0
6376345,2022-07-03 14:36:37,1992,180719,13.15,1.99,1.8,0.0
6376347,2022-07-03 14:36:45,1006,386583,11.97,3.0,0.0,0.0
6376348,2022-07-03 14:36:48,1382,99024,10.0,3.0,0.0,0.0
6376350,2022-07-03 14:36:39,1563,346815,13.6,2.0,0.0,0.0
6376352,2022-07-03 14:36:51,1791,374997,22.84,3.0,0.0,0.0
6376353,2022-07-03 14:38:35,2656,383081,9.78,0.0,0.0,0.0
6376355,2022-07-03 14:37:15,1277,237860,20.29,3.25,0.0,0.0
6376356,2022-07-03 14:37:12,1449,205669,34.42,4.0,0.1,0.0
6376357,2022-07-03 14:37:15,1095,375894,6.0,0.0,0.0,0.0
6376358,2022-07-03 14:37:20,1947,172497,14.95,3.0,0.0,0.0
6376360,2022-07-03 14:37:31,3073,334523,40.83,3.0,0.0,0.0
6376361,2022-07-03 14:37:25,2910,186331,50.7,0.0,1.25,0.0
6376362,2022-07-03 14:37:21,2141,208860,33.95,3.0,0.0,0.0
6376364,2022-07-03 14:37:38,1836,238827,40.3,3.0,0.0,0.0
6376367,2022-07-03 14:37:46,1123,64385,13.08,3.0,0.0,0.0
6376368,2022-07-03 14:38:32,997,381484,16.52,3.0,0.0,0.0
6376369,2022-07-03 14:37:49,1362,214838,16.93,3.0,0.0,0.0
6376371,2022-07-03 14:38:03,2851,386584,17.87,2.5,0.0,0.0
6376372,2022-07-03 14:37:44,1295,162388,10.6,2.0,0.0,0.0
6376373,2022-07-03 14:38:10,1944,106991,41.01,2.95,0.0,0.0
6376375,2022-07-03 14:38:07,1621,115462,33.19,2.95,0.0,0.0
6376376,2022-07-03 14:37:58,892,11470,27.6,3.0,0.0,0.0
6376377,2022-07-03 14:38:28,1123,340641,16.47,3.0,0.0,0.0
6376378,2022-07-03 14:38:31,1340,259970,32.5,3.0,2.0,0.0
6376379,2022-07-03 14:38:19,1094,203649,20.86,3.0,0.0,0.0
6376382,2022-07-03 14:38:33,2909,172584,16.69,3.0,0.0,0.0
6376383,2022-07-03 14:39:06,1401,174401,49.45,3.0,0.0,0.0
6376385,2022-07-03 14:38:38,2311,185297,32.75,2.5,0.0,0.0
6376386,2022-07-03 14:39:24,2656,379897,19.27,0.0,0.0,0.0
6376391,2022-07-03 14:38:55,2656,386585,8.87,0.0,0.0,0.0
6376392,2022-07-03 14:40:24,1051,276984,20.54,5.5,0.0,0.0
6376393,2022-07-03 14:39:38,1382,170717,8.41,3.0,0.0,0.0
6376394,2022-07-03 14:39:18,2965,241749,16.83,3.0,0.0,0.0
6376396,2022-07-03 14:39:49,1402,63890,20.71,3.5,0.16,0.0
6376397,2022-07-03 14:39:39,1631,60734,23.15,3.0,0.0,0.0
6376398,2022-07-03 14:40:05,1575,169502,15.98,2.99,0.0,0.0
6376399,2022-07-03 14:39:47,2680,228007,22.54,2.5,0.0,0.0
6376400,2022-07-03 14:39:43,1105,290561,24.42,1.99,0.0,0.0
6376402,2022-07-03 14:40:05,2057,42076,21.22,3.0,0.0,0.0
6376403,2022-07-03 14:41:11,1726,386586,45.04,3.0,9.05,0.0
6376404,2022-07-03 14:41:19,1319,301867,102.83,4.5,0.65,0.0
6376406,2022-07-03 14:39:59,1929,114056,22.2,3.0,0.0,0.0
6376408,2022-07-03 14:40:03,1362,360598,9.66,3.0,0.0,0.0
6376409,2022-07-03 14:40:17,1342,281941,51.58,0.0,0.0,0.0
6376410,2022-07-03 14:40:38,1531,101121,25.28,3.0,0.0,0.0
6376411,2022-07-03 14:40:43,1030,185196,38.99,3.0,0.0,0.0
6376412,2022-07-03 14:40:34,1893,379644,14.21,1.49,0.0,0.0
6376413,2022-07-03 14:43:00,2803,135275,28.78,0.0,0.0,0.0
6376414,2022-07-03 14:40:49,1791,143664,22.47,3.0,0.0,0.0
6376415,2022-07-03 14:41:28,1084,46942,15.99,3.0,0.0,0.0
6376416,2022-07-03 14:40:56,2311,223998,44.15,3.5,0.0,0.0
6376417,2022-07-03 14:41:40,2251,316980,13.61,0.99,0.0,0.0
6376418,2022-07-03 14:40:59,2745,386587,5.81,0.0,0.0,0.0
6376419,2022-07-03 14:41:21,1022,365165,12.74,3.0,0.0,0.0
6376420,2022-07-03 14:41:04,2934,331289,28.25,3.0,0.0,0.0
6376422,2022-07-03 14:41:18,1631,182027,20.44,3.0,0.0,0.0
6376423,2022-07-03 14:42:38,986,271465,16.9,3.0,0.0,0.0
6376426,2022-07-03 14:41:48,2334,257977,26.78,3.0,2.25,0.0
6376467,2022-07-03 14:46:57,2023,158244,32.4,3.0,0.0,0.0
6376427,2022-07-03 14:41:59,1477,314925,13.49,1.99,0.0,0.0
6376429,2022-07-03 14:41:33,1123,385687,32.16,3.0,0.0,0.0
6376430,2022-07-03 14:41:30,1570,262863,26.2,3.0,0.0,0.0
6376431,2022-07-03 14:41:45,2680,156199,12.61,2.5,0.0,0.0
6376433,2022-07-03 14:41:27,1992,325031,24.78,1.99,0.0,0.0
6376434,2022-07-03 14:41:40,2436,100845,31.96,3.0,0.0,0.0
6376436,2022-07-03 14:41:49,806,11900,15.7,3.0,0.0,0.0
6376438,2022-07-03 14:44:22,2822,253243,14.12,0.99,0.0,0.0
6376439,2022-07-03 14:42:20,1481,287977,18.79,4.0,0.0,0.0
6376440,2022-07-03 14:42:53,1336,183713,27.72,3.5,0.0,0.0
6376441,2022-07-03 14:42:12,1274,149655,6.42,3.0,0.0,0.0
6376442,2022-07-03 14:42:21,998,174490,23.18,3.0,0.0,0.0
6376444,2022-07-03 14:42:57,1366,266878,24.98,1.49,0.0,0.0
6376445,2022-07-03 14:42:29,982,159047,10.35,3.0,0.0,0.0
6376563,2022-07-03 14:50:55,1950,299545,20.75,3.0,0.0,0.0
6376446,2022-07-03 14:42:26,2614,314823,13.48,2.5,0.0,0.0
6376447,2022-07-03 14:42:24,987,242647,29.06,3.0,0.0,0.0
6376448,2022-07-03 14:42:35,2934,358803,31.28,3.0,0.0,0.0
6376449,2022-07-03 14:42:34,1362,318916,11.87,3.0,0.0,0.0
6376451,2022-07-03 14:42:33,2293,140228,20.63,3.0,0.0,0.0
6376454,2022-07-03 14:43:02,1280,232145,19.01,3.0,0.0,0.0
6376455,2022-07-03 14:42:42,787,382702,19.3,3.0,0.0,0.0
6376456,2022-07-03 14:42:48,1944,163445,27.49,2.95,0.0,0.0
6376459,2022-07-03 14:43:03,2851,386588,37.22,2.5,0.0,0.0
6376460,2022-07-03 14:43:48,2940,386589,19.48,0.0,0.0,0.0
6376462,2022-07-03 14:43:17,1636,163327,22.38,0.0,0.0,0.0
6376463,2022-07-03 14:44:12,2284,180914,18.92,2.0,0.0,0.0
6376464,2022-07-03 14:43:15,787,213448,32.03,3.0,0.0,0.0
6376465,2022-07-03 14:43:16,208,137709,28.55,2.99,0.0,0.0
6376466,2022-07-03 14:43:28,1409,88875,27.52,2.5,2.0,0.0
6376468,2022-07-03 14:43:47,996,386590,43.37,3.0,6.09,0.0
6376470,2022-07-03 14:43:29,1049,188659,19.62,2.0,0.0,0.0
6376471,2022-07-03 14:43:51,787,384958,24.49,3.0,0.0,0.0
6376474,2022-07-03 14:43:45,892,336214,21.89,3.0,0.0,0.0
6376475,2022-07-03 14:43:45,1343,61539,12.92,0.0,0.0,0.0
6376478,2022-07-03 14:43:53,1905,337972,19.86,3.0,0.0,0.0
6376479,2022-07-03 14:44:20,2947,224130,26.45,3.0,0.0,0.0
6376480,2022-07-03 14:44:14,1130,168159,10.34,3.0,0.0,0.0
6376481,2022-07-03 14:50:28,2656,386591,35.49,0.0,0.0,0.0
6376482,2022-07-03 14:45:32,2471,226472,9.33,1.99,0.0,0.0
6376484,2022-07-03 14:44:26,2560,113759,12.66,0.0,0.0,0.0
6376486,2022-07-03 14:44:33,1051,90281,23.68,3.5,0.0,0.0
6376487,2022-07-03 14:44:36,995,272999,26.24,3.0,2.0,0.0
6376489,2022-07-03 14:44:58,1382,38567,26.48,3.0,0.0,0.0
6376490,2022-07-03 14:44:51,1929,11391,17.35,3.0,0.0,0.0
6376491,2022-07-03 14:45:02,1422,321784,27.72,3.0,0.0,0.0
6974229,2022-08-22 16:53:04,2227,216934,12.67,0.0,0.0,0.0
6376493,2022-07-03 14:45:20,1094,321892,23.52,3.0,2.09,0.0
6376494,2022-07-03 14:45:19,2099,150533,19.94,3.5,0.0,0.0
6376495,2022-07-03 14:45:13,1062,192992,23.86,3.0,0.6,0.0
6376496,2022-07-03 14:45:35,1022,147215,13.66,3.0,0.0,0.0
6376497,2022-07-03 14:45:46,2317,362464,20.86,3.0,0.0,0.0
6376498,2022-07-03 14:45:32,1006,24680,25.98,3.5,0.0,0.0
6376499,2022-07-03 14:45:34,2553,179669,20.36,3.5,0.0,0.0
6376501,2022-07-03 14:45:54,1518,105212,11.62,3.0,0.0,0.0
6376502,2022-07-03 14:45:52,2484,58473,25.17,3.0,0.79,0.0
6376505,2022-07-03 14:46:02,1631,136125,11.9,3.0,0.0,0.0
6376509,2022-07-03 14:46:08,1510,74393,35.23,0.0,0.0,0.0
6376510,2022-07-03 14:47:12,1097,377494,15.28,0.0,0.0,0.0
6376512,2022-07-03 14:46:29,2851,386592,14.72,2.5,0.0,0.0
6376514,2022-07-03 14:47:03,1022,66831,7.38,3.0,0.0,0.0
6376515,2022-07-03 14:48:49,2851,368633,19.36,2.5,0.0,0.0
6376516,2022-07-03 14:46:41,2656,322413,27.7,0.0,0.0,0.0
6376517,2022-07-03 14:46:57,2297,345608,15.79,0.0,0.0,0.0
6376518,2022-07-03 14:46:56,1944,114264,22.15,2.95,0.0,0.0
6376519,2022-07-03 14:49:16,208,8230,12.03,2.99,0.0,0.0
6376521,2022-07-03 14:46:56,2311,335432,22.4,2.5,0.0,0.0
6376523,2022-07-03 14:47:19,1295,360373,49.96,2.0,0.0,0.0
6376524,2022-07-03 14:48:05,2197,169956,52.89,3.0,0.0,0.0
6376526,2022-07-03 14:47:11,3084,386594,38.96,1.99,0.0,0.0
6376527,2022-07-03 14:55:13,1109,353538,24.21,3.0,0.0,0.0
6376528,2022-07-03 14:47:37,2227,257750,14.14,2.99,0.0,0.0
6376530,2022-07-03 14:47:32,981,142039,23.68,3.5,0.0,0.0
6376531,2022-07-03 14:48:03,996,14518,25.8,3.0,2.69,0.0
6376532,2022-07-03 14:47:38,1856,118179,22.19,2.0,0.0,0.0
6376533,2022-07-03 14:47:45,1994,224506,52.68,3.0,4.3,0.0
6376534,2022-07-03 14:47:43,1531,80960,15.18,3.0,0.0,0.0
6376535,2022-07-03 14:49:09,1939,208126,23.13,3.0,0.0,0.0
6376536,2022-07-03 14:47:49,1340,42628,62.81,3.0,0.0,0.0
6376537,2022-07-03 14:47:55,3076,290595,21.77,3.0,0.0,0.0
6376538,2022-07-03 14:47:58,982,31967,21.37,3.0,0.0,0.0
6974231,2022-08-22 16:53:08,2497,234046,10.39,3.0,0.0,0.0
6376540,2022-07-03 14:48:48,1131,362038,45.83,2.0,0.0,0.0
6376541,2022-07-03 14:48:42,2000,170530,20.67,3.25,0.0,0.0
6376542,2022-07-03 14:48:28,1797,138050,10.62,3.0,0.0,0.0
6376543,2022-07-03 14:49:44,1649,331396,24.5,3.0,0.0,0.0
6376544,2022-07-03 14:48:30,2311,377228,30.34,4.0,0.0,0.0
6376545,2022-07-03 14:50:10,2073,386595,22.04,2.0,0.0,0.0
6376546,2022-07-03 14:48:51,2311,263712,9.65,2.5,0.0,0.0
6376547,2022-07-03 14:50:49,2659,236527,46.45,3.0,0.0,0.0
6376549,2022-07-03 14:49:01,2543,161300,20.33,3.0,0.0,0.0
6376550,2022-07-03 14:49:39,1123,194055,20.51,3.0,0.0,0.0
6376551,2022-07-03 14:56:24,2656,373578,9.4,0.0,0.0,0.0
6376552,2022-07-03 14:49:40,1282,70815,40.48,3.0,1.34,0.0
6376553,2022-07-03 14:49:10,1972,98231,15.66,1.99,0.0,0.0
6376554,2022-07-03 14:49:12,1402,234245,21.26,3.5,0.0,0.0
6376555,2022-07-03 14:49:22,1284,79700,15.04,3.0,0.0,0.0
6376556,2022-07-03 14:49:34,2263,68766,73.37,3.0,0.0,0.0
6376557,2022-07-03 14:49:33,1469,67482,39.72,3.0,0.0,0.0
6376558,2022-07-03 14:49:31,985,16131,32.07,3.0,0.0,0.0
6376559,2022-07-03 14:50:09,2088,372352,20.05,2.49,0.0,0.0
6376560,2022-07-03 14:50:04,1271,363446,11.73,3.0,0.0,0.0
6376561,2022-07-03 14:50:42,2461,162266,25.94,3.0,0.0,0.0
6376562,2022-07-03 14:50:12,2843,364815,14.73,1.99,0.0,0.0
6376564,2022-07-03 14:50:25,2069,380867,25.21,3.0,0.0,0.0
6376565,2022-07-03 14:50:30,2287,316889,17.0,3.0,2.45,0.0
6376566,2022-07-03 14:50:34,3031,267412,19.74,1.5,0.0,0.0
6376567,2022-07-03 14:52:38,1440,333043,31.65,0.0,2.0,0.0
6376569,2022-07-03 14:50:25,1401,197487,19.46,0.0,0.0,0.0
6376570,2022-07-03 14:50:40,1049,362818,20.62,3.5,0.0,0.0
6376571,2022-07-03 14:50:40,3084,372747,24.46,1.99,0.0,0.0
6376572,2022-07-03 14:51:23,2279,16936,27.65,3.0,1.98,0.0
6376573,2022-07-03 14:51:01,1869,138318,28.81,3.0,2.37,0.0
6376574,2022-07-03 14:51:00,2656,370268,14.24,0.0,0.0,0.0
6376575,2022-07-03 14:51:17,2495,286829,30.1,3.0,0.0,0.0
6376576,2022-07-03 14:51:21,2480,327691,30.03,3.5,0.99,0.0
6376577,2022-07-03 14:51:05,1575,262610,16.65,2.99,0.0,0.0
6376578,2022-07-03 14:51:20,1206,156597,14.84,3.0,0.0,0.0
6376579,2022-07-03 14:51:04,3104,386596,0.0,2.5,0.0,0.0
6376580,2022-07-03 14:51:27,1205,244275,19.54,3.0,5.98,0.0
6376581,2022-07-03 14:51:23,1377,55571,19.16,3.0,0.0,0.0
6376582,2022-07-03 14:52:58,1200,336793,54.58,3.0,0.0,0.0
6376583,2022-07-03 14:51:37,1518,73424,28.87,3.0,0.0,0.0
6376584,2022-07-03 14:51:41,1982,356855,23.02,3.0,0.0,0.0
6376585,2022-07-03 14:51:36,2543,245148,23.83,3.0,0.0,0.0
6376587,2022-07-03 14:52:37,1119,70189,14.46,0.0,0.0,0.0
6376588,2022-07-03 14:51:47,981,249821,19.44,6.0,0.0,0.0
6376589,2022-07-03 14:51:51,1982,237994,29.58,3.0,0.0,0.0
6376590,2022-07-03 14:52:08,2955,47235,16.29,2.0,0.0,0.0
6376591,2022-07-03 14:52:54,1131,52224,13.09,2.0,0.0,0.0
6376592,2022-07-03 14:52:45,2415,246984,6.32,3.0,0.0,0.0
6376593,2022-07-03 14:52:03,984,46960,18.99,4.0,0.0,0.0
6376595,2022-07-03 14:53:16,1049,335195,13.97,2.0,0.0,0.0
6376596,2022-07-03 14:52:19,1125,310417,12.16,3.0,0.0,0.0
6376599,2022-07-03 14:52:57,115,386597,16.7,2.5,0.0,0.0
6376600,2022-07-03 14:52:45,984,40625,22.07,4.0,0.0,0.0
6376601,2022-07-03 14:52:44,2560,305126,11.49,0.0,1.99,0.0
6376603,2022-07-03 14:53:10,2543,280754,69.06,3.0,0.0,0.0
6376604,2022-07-03 14:53:34,1972,352319,19.4,1.99,0.0,0.0
6376606,2022-07-03 14:54:34,3052,369485,13.78,0.0,0.0,0.0
6376608,2022-07-03 14:53:33,2543,101948,21.82,3.0,0.0,0.0
6376609,2022-07-03 14:53:21,2726,382823,17.82,2.0,0.0,0.0
6376611,2022-07-03 14:54:20,1155,188416,17.1,3.0,0.0,0.0
6376613,2022-07-03 14:54:31,1440,321567,28.06,3.0,0.0,0.0
6376615,2022-07-03 14:54:28,2844,348725,23.07,3.0,0.0,0.0
6376616,2022-07-03 14:55:44,1956,290258,17.83,3.5,0.0,0.0
6376617,2022-07-03 14:54:21,1105,118976,23.22,0.0,0.0,0.0
6376618,2022-07-03 14:54:17,1982,231899,27.67,3.0,0.0,0.0
6376619,2022-07-03 14:54:11,371,9251,25.23,3.5,0.99,0.0
6376620,2022-07-03 14:55:00,1563,64771,28.73,1.0,0.0,0.0
6376622,2022-07-03 14:55:39,2940,386598,26.67,0.0,0.85,0.0
6376623,2022-07-03 14:55:28,1247,65393,36.99,3.0,0.0,0.0
6376624,2022-07-03 14:54:28,1388,123005,15.16,3.0,1.79,0.0
6376625,2022-07-03 14:54:30,997,14221,34.7,3.0,0.0,0.0
6376627,2022-07-03 14:54:39,787,287135,28.31,3.0,0.0,0.0
6376628,2022-07-03 14:57:29,1905,287100,34.41,3.0,0.0,0.0
6376629,2022-07-03 14:55:50,1125,76799,24.88,0.0,0.0,0.0
6376630,2022-07-03 14:54:43,982,374605,14.69,3.0,0.44,0.0
6376632,2022-07-03 14:54:52,1469,277285,47.68,3.0,1.25,0.0
6376634,2022-07-03 14:55:43,2259,276373,15.94,3.0,0.0,0.0
6376635,2022-07-03 14:55:11,2843,353229,14.42,1.99,0.0,0.0
6376637,2022-07-03 14:55:38,1063,45735,15.96,3.0,0.0,0.0
6376638,2022-07-03 14:55:32,1275,374424,6.51,3.0,0.0,0.0
6376640,2022-07-03 14:55:19,1900,104040,10.58,2.0,0.0,0.0
6376641,2022-07-03 14:55:24,2656,319836,16.95,0.0,0.0,0.0
6376642,2022-07-03 14:56:05,892,371445,39.41,3.0,0.0,0.0
6376643,2022-07-03 14:57:31,1944,7372,31.57,2.95,0.0,0.0
6376644,2022-07-03 14:55:36,1950,379998,20.03,3.0,0.0,0.0
6376645,2022-07-03 14:56:07,2056,210772,39.99,3.0,5.49,0.0
6376647,2022-07-03 14:55:46,1328,376526,16.71,3.0,0.0,0.0
6376648,2022-07-03 14:56:42,2660,317692,18.26,3.0,0.0,0.0
6376650,2022-07-03 14:56:25,2656,377662,25.16,0.0,0.0,0.0
6376651,2022-07-03 14:56:23,2685,110873,25.94,0.0,0.0,0.0
6974232,2022-08-22 16:53:52,1631,192584,14.34,3.0,0.0,0.0
6376653,2022-07-03 14:56:26,981,26165,6.02,3.5,0.0,0.0
6376654,2022-07-03 14:56:43,1949,155594,55.2,3.0,0.0,0.0
6376655,2022-07-03 14:56:33,997,221361,13.92,3.0,0.0,0.0
6376656,2022-07-03 14:57:02,2227,220955,22.68,1.99,0.0,0.0
6376657,2022-07-03 14:56:39,2606,335292,27.0,3.0,0.0,0.0
6376658,2022-07-03 14:59:08,2283,207430,26.47,3.0,0.0,0.0
6376659,2022-07-03 14:56:52,1517,318097,20.49,2.99,0.0,0.0
6376660,2022-07-03 14:57:19,2934,313656,18.87,3.0,0.0,0.0
6376661,2022-07-03 14:57:17,1184,254198,16.34,3.0,0.0,0.0
6376662,2022-07-03 14:56:56,1869,138318,5.3,3.0,0.0,0.0
6376663,2022-07-03 14:56:55,1631,90145,12.79,3.0,0.0,0.0
6376664,2022-07-03 14:56:56,1382,364794,21.49,3.0,0.0,0.0
6376665,2022-07-03 15:00:08,1206,114478,38.89,3.0,0.0,0.0
6376666,2022-07-03 14:58:51,1284,268869,10.89,3.0,1.79,0.0
6376667,2022-07-03 14:57:16,1131,288712,25.03,2.0,0.0,0.0
6376668,2022-07-03 14:57:09,3104,386599,3.52,2.5,0.0,0.0
6376669,2022-07-03 14:57:24,1617,97741,15.54,3.0,0.0,0.0
6376671,2022-07-03 14:57:34,1930,227379,19.22,3.0,0.0,0.0
6376674,2022-07-03 14:57:31,1402,81242,22.3,3.5,0.0,0.0
6376675,2022-07-03 14:58:15,1022,386600,25.44,3.0,0.0,0.0
6376676,2022-07-03 14:57:29,2308,120502,74.16,3.0,0.0,0.0
6376677,2022-07-03 14:57:30,2197,222434,31.84,3.0,0.0,0.0
6376678,2022-07-03 15:01:55,1564,151963,12.94,3.0,0.0,0.0
6376679,2022-07-03 14:57:28,1185,215556,31.46,3.0,0.0,0.0
6376680,2022-07-03 14:57:57,1277,86956,29.98,4.25,0.0,0.0
6376681,2022-07-03 14:57:34,2683,172631,16.79,2.0,0.0,0.0
6376682,2022-07-03 14:57:42,2471,337508,18.41,1.99,0.0,0.0
6376684,2022-07-03 14:57:46,1203,255987,12.77,3.0,0.0,0.0
6376685,2022-07-03 14:58:01,1295,130585,17.72,2.0,0.0,0.0
6376686,2022-07-03 14:57:56,1274,20781,44.93,3.0,1.58,0.0
6376687,2022-07-03 14:58:09,2095,173090,22.66,2.5,0.0,0.0
6376688,2022-07-03 14:58:11,1049,386601,24.15,2.0,0.0,0.0
6376689,2022-07-03 14:58:29,2495,376534,20.44,3.0,0.0,0.0
6376710,2022-07-03 14:59:12,1872,126608,22.73,3.5,0.0,0.0
6376690,2022-07-03 14:58:15,2317,278471,15.58,3.0,0.0,0.0
6376692,2022-07-03 14:58:16,1617,73558,26.3,4.0,0.0,0.0
6376693,2022-07-03 14:58:10,1203,379010,23.3,3.0,0.0,0.0
6376694,2022-07-03 14:58:19,115,62893,23.13,2.5,0.0,0.0
6376695,2022-07-03 14:58:08,1275,386602,6.73,3.0,0.0,0.0
6376696,2022-07-03 14:58:54,1311,88537,19.57,2.5,0.0,0.0
6376697,2022-07-03 14:58:26,2321,324347,14.24,2.5,0.0,0.0
6376698,2022-07-03 14:58:27,1022,39506,27.92,3.0,0.0,0.0
6376700,2022-07-03 14:58:30,1045,206431,20.83,2.6,0.0,0.0
6376701,2022-07-03 14:58:24,2955,48282,28.83,2.0,0.0,0.0
6376702,2022-07-03 14:58:31,1193,300554,11.14,3.0,0.0,0.0
6376703,2022-07-03 14:59:12,1206,232984,15.38,3.0,0.0,0.0
6376706,2022-07-03 15:08:09,1900,195219,18.06,2.0,0.0,0.0
6376707,2022-07-03 14:59:05,1840,279321,28.75,3.0,5.99,0.0
6376708,2022-07-03 15:01:44,1402,124398,35.74,3.5,0.0,0.0
6376712,2022-07-03 14:59:04,1944,12789,20.12,2.95,0.89,0.0
6376714,2022-07-03 14:59:12,995,258595,15.69,3.0,0.0,0.0
6376715,2022-07-03 14:59:25,1950,346044,14.61,3.0,0.0,0.0
6376716,2022-07-03 14:59:25,1022,276412,29.2,3.0,0.0,0.0
6376718,2022-07-03 14:59:25,2197,366612,19.72,3.0,0.0,0.0
6376719,2022-07-03 14:59:45,1944,118441,46.69,2.95,0.0,0.0
6376720,2022-07-03 14:59:34,1112,172324,11.95,3.0,0.0,0.0
6376721,2022-07-03 14:59:39,1125,268607,31.48,3.0,0.0,0.0
6376722,2022-07-03 14:59:41,998,141409,11.69,3.0,1.68,0.0
6376723,2022-07-03 14:59:42,1022,283265,15.17,3.0,0.0,0.0
6376724,2022-07-03 14:59:45,1049,210162,16.87,3.5,0.0,0.0
6376725,2022-07-03 14:59:49,1041,63917,36.54,3.0,0.0,0.0
6376727,2022-07-03 15:00:00,1527,88200,29.27,2.95,0.0,0.0
6376731,2022-07-03 15:00:08,1377,73684,35.4,3.0,0.3,0.0
6376733,2022-07-03 15:00:24,1627,279600,41.54,0.0,0.0,0.0
6376734,2022-07-03 15:00:22,2806,355064,19.8,3.0,0.0,0.0
6376735,2022-07-03 15:00:31,2085,259698,25.58,3.0,0.0,0.0
6376736,2022-07-03 15:02:48,1000,250116,43.1,3.0,0.0,0.0
6376737,2022-07-03 15:00:39,1797,105668,41.38,3.0,4.0,0.0
6376740,2022-07-03 15:02:38,1106,352174,12.23,3.0,0.0,0.0
6376741,2022-07-03 15:00:56,1074,314716,53.73,3.25,0.0,0.0
6376742,2022-07-03 15:01:33,1187,111361,15.21,3.0,2.6,0.0
6376743,2022-07-03 15:01:08,998,14624,40.95,3.0,0.0,0.0
6376744,2022-07-03 15:01:07,2311,288664,19.72,3.0,0.0,0.0
6376745,2022-07-03 15:02:52,2806,379546,32.28,3.0,0.0,0.0
6376748,2022-07-03 15:01:52,2934,383267,27.12,3.0,0.0,0.0
6376749,2022-07-03 15:01:26,2947,129113,32.18,3.0,0.0,0.0
6376750,2022-07-03 15:01:19,2487,195003,18.86,0.0,0.0,0.0
6376751,2022-07-03 15:01:31,2505,168103,28.05,3.0,0.0,0.0
6376755,2022-07-03 15:02:54,2451,386603,17.87,3.0,0.0,0.0
6376757,2022-07-03 15:01:59,115,4021,19.09,2.5,0.0,0.0
6376758,2022-07-03 15:02:16,1840,194306,24.31,3.0,0.0,0.0
6376759,2022-07-03 15:02:10,2675,73963,20.67,3.0,0.0,0.0
6376762,2022-07-03 15:02:16,2573,386604,18.96,3.0,0.0,0.0
6376765,2022-07-03 15:02:24,2069,279636,13.21,2.5,0.0,0.0
6376768,2022-07-03 15:02:38,1362,84041,25.58,3.0,0.0,0.0
6376770,2022-07-03 15:02:46,2957,269548,21.75,3.0,0.0,0.0
6376773,2022-07-03 15:02:57,2237,250071,7.93,3.0,0.0,0.0
6376774,2022-07-03 15:02:59,1049,160094,14.21,2.0,0.84,0.0
6376775,2022-07-03 15:03:29,1840,33713,40.82,3.0,2.5,0.0
6376776,2022-07-03 15:03:34,1097,338531,6.42,0.0,0.0,0.0
6376777,2022-07-03 15:03:59,2077,375020,15.62,2.5,0.0,0.0
6376778,2022-07-03 15:03:27,1759,169961,15.45,2.0,0.0,0.0
6376779,2022-07-03 15:05:13,1869,259039,12.78,3.0,0.0,0.0
6376780,2022-07-03 15:03:31,997,128535,39.84,3.0,0.0,0.0
6376781,2022-07-03 15:03:43,2701,377723,36.5,3.0,4.74,0.0
6376782,2022-07-03 15:03:42,1285,221620,12.89,3.0,0.0,0.0
6376783,2022-07-03 15:04:51,995,137462,46.15,3.0,1.38,0.0
6376784,2022-07-03 15:03:44,1900,350468,33.26,2.0,0.05,0.0
6376786,2022-07-03 15:04:04,1045,348384,19.73,2.1,0.0,0.0
6376788,2022-07-03 15:04:43,1950,295227,13.71,3.0,0.0,0.0
6376789,2022-07-03 15:04:05,2683,317405,58.29,2.0,0.0,0.0
6376790,2022-07-03 15:05:08,2259,341197,18.76,3.0,0.0,0.0
6376791,2022-07-03 15:04:41,1131,264182,18.8,2.0,0.0,0.0
6376792,2022-07-03 15:04:19,997,16780,19.82,3.0,0.0,0.0
6376793,2022-07-03 15:04:19,1939,102685,27.55,3.0,0.0,0.0
6376795,2022-07-03 15:04:28,892,19304,26.62,3.0,0.0,0.0
6376796,2022-07-03 15:04:42,2230,84918,37.18,3.0,0.0,0.0
6376797,2022-07-03 15:04:29,1944,4398,33.52,2.95,0.0,0.0
6376798,2022-07-03 15:04:52,1366,312256,21.16,0.85,0.0,0.0
6376800,2022-07-03 15:04:46,2064,188973,22.39,3.0,0.0,0.0
6376802,2022-07-03 15:04:49,2656,370900,22.85,0.0,0.0,0.0
6376804,2022-07-03 15:05:01,2656,386605,9.94,0.0,0.0,0.0
6376806,2022-07-03 15:05:29,1295,236122,7.06,2.5,0.0,0.0
6376807,2022-07-03 15:06:29,1997,245436,15.7,3.0,0.0,0.0
6376808,2022-07-03 15:07:04,1462,336771,29.75,1.99,0.0,0.0
6376809,2022-07-03 15:05:28,2487,338636,20.45,0.0,0.0,0.0
6376810,2022-07-03 15:05:23,1742,98497,38.79,3.99,1.75,0.0
6376811,2022-07-03 15:06:01,1123,204861,15.15,3.0,0.0,0.0
6376813,2022-07-03 15:05:32,1640,193804,34.38,3.0,0.0,0.0
6376814,2022-07-03 15:05:40,2955,384322,45.34,2.0,0.0,0.0
6376816,2022-07-03 15:05:36,2105,371936,24.59,3.0,0.0,0.0
6376818,2022-07-03 15:06:03,1066,58904,13.47,3.0,0.0,0.0
6376819,2022-07-03 15:06:08,1123,109456,23.01,3.0,6.19,0.0
6376820,2022-07-03 15:07:13,2311,268649,49.72,3.5,0.0,0.0
6376821,2022-07-03 15:06:10,1362,260066,24.54,3.0,0.0,0.0
6376822,2022-07-03 15:06:57,2322,386606,18.25,3.0,0.0,0.0
6376823,2022-07-03 15:07:01,1947,102947,20.1,3.0,0.0,0.0
6376824,2022-07-03 15:06:31,2642,373055,16.81,1.99,0.0,0.0
6376825,2022-07-03 15:06:30,1378,228528,24.73,4.0,0.0,0.0
6376826,2022-07-03 15:08:05,2676,386607,29.51,3.0,0.0,0.0
6376829,2022-07-03 15:06:40,2197,284693,13.37,3.0,0.0,0.0
6376830,2022-07-03 15:07:43,2162,250921,26.58,5.0,0.0,0.0
6376831,2022-07-03 15:06:31,1123,79954,19.99,3.0,0.0,0.0
6376832,2022-07-03 15:06:36,1989,313807,30.54,3.25,0.0,0.0
6376833,2022-07-03 15:07:05,2227,309522,46.81,1.99,0.0,0.0
6376834,2022-07-03 15:07:56,2272,102625,24.89,0.99,0.0,0.0
6376835,2022-07-03 15:08:28,997,45837,58.81,3.0,0.0,0.0
6376836,2022-07-03 15:07:38,2436,386608,19.61,3.0,0.0,0.0
6376840,2022-07-03 15:07:02,1068,364321,12.67,2.0,2.61,0.0
6376841,2022-07-03 15:06:53,996,361458,19.8,3.0,0.0,0.0
6376842,2022-07-03 15:06:55,1856,271952,10.14,2.0,0.0,0.0
6376844,2022-07-03 15:07:17,2272,113923,14.05,0.99,1.99,0.0
6376845,2022-07-03 15:07:33,2477,283497,31.7,3.0,0.0,0.0
6376846,2022-07-03 15:07:19,2272,386609,11.33,0.99,0.0,0.0
6376847,2022-07-03 15:07:17,1009,299145,14.42,2.5,1.3,0.0
6376848,2022-07-03 15:07:36,787,285299,27.68,3.0,0.0,0.0
6376851,2022-07-03 15:07:37,2934,386610,13.42,3.0,0.0,0.0
6376852,2022-07-03 15:07:51,3055,137428,29.29,3.0,0.0,0.0
6376854,2022-07-03 15:08:23,586,144663,31.53,3.5,0.0,0.0
6376855,2022-07-03 15:08:01,2283,386611,9.76,3.0,0.0,0.0
6376857,2022-07-03 15:08:06,2283,248165,31.35,3.0,0.0,0.0
6376858,2022-07-03 15:08:06,997,38007,47.62,3.0,0.25,0.0
6376929,2022-07-03 15:13:30,969,54857,19.15,3.0,0.0,0.0
6376860,2022-07-03 15:08:10,2227,324283,8.59,1.99,0.0,0.0
6376861,2022-07-03 15:08:34,1882,386612,17.03,4.0,0.0,0.0
6376862,2022-07-03 15:08:17,1184,128803,64.86,3.0,11.59,0.0
6376863,2022-07-03 15:08:21,1944,386613,14.81,2.95,0.0,0.0
6376866,2022-07-03 15:08:35,998,41253,18.45,3.0,0.0,0.0
6974234,2022-08-22 16:53:40,115,4418,11.52,2.5,0.0,0.0
6376868,2022-07-03 15:08:41,1304,69243,14.75,3.0,0.0,0.0
6376869,2022-07-03 15:08:46,787,237558,19.57,3.0,0.0,0.0
6376870,2022-07-03 15:11:25,1992,77700,25.1,1.99,0.0,0.0
6376871,2022-07-03 15:08:55,987,161591,15.91,3.0,0.0,0.0
6376872,2022-07-03 15:08:51,1482,386615,29.08,5.0,0.5,0.0
6376873,2022-07-03 15:08:58,2958,386616,19.51,3.0,0.0,0.0
6376874,2022-07-03 15:09:26,2330,187640,26.56,2.0,0.0,0.0
6376875,2022-07-03 15:09:22,1282,53409,12.86,3.0,0.0,0.0
6376877,2022-07-03 15:09:51,2241,367888,28.7,2.0,0.0,0.0
6376878,2022-07-03 15:11:04,2886,352141,16.92,3.0,0.0,0.0
6376879,2022-07-03 15:10:16,2543,76164,36.57,3.0,0.0,0.0
6376882,2022-07-03 15:09:58,2283,242830,20.67,3.0,0.0,0.0
6376883,2022-07-03 15:10:00,1666,133693,31.65,3.0,0.0,0.0
6376884,2022-07-03 15:10:07,997,363428,21.77,3.0,0.0,0.0
6376885,2022-07-03 15:10:08,2648,375560,20.98,2.99,0.0,0.0
6376886,2022-07-03 15:10:14,1401,136087,25.41,3.0,0.0,0.0
6376887,2022-07-03 15:10:10,2311,245531,33.06,2.5,0.0,0.0
6376888,2022-07-03 15:10:21,1631,244334,23.88,3.0,0.0,0.0
6376889,2022-07-03 15:10:18,1939,163667,18.15,3.0,0.0,0.0
6376890,2022-07-03 15:10:34,2963,78631,20.58,3.0,0.0,0.0
6376892,2022-07-03 15:10:33,2069,275169,33.62,2.5,0.0,0.0
6376894,2022-07-03 15:12:06,2330,386617,21.88,2.0,0.0,0.0
6376895,2022-07-03 15:10:46,2461,291370,41.83,3.0,0.0,0.0
6376896,2022-07-03 15:10:46,998,69105,37.52,3.0,1.35,0.0
6376897,2022-07-03 15:11:23,1109,65598,40.77,3.0,0.0,0.0
6376898,2022-07-03 15:11:07,1402,288589,17.58,3.0,0.0,0.0
6376899,2022-07-03 15:11:03,2910,176403,28.39,0.0,0.0,0.0
6376900,2022-07-03 15:11:37,1046,170331,14.95,2.5,0.0,0.0
6376901,2022-07-03 15:11:43,1989,54720,16.53,3.25,0.0,0.0
6376902,2022-07-03 15:11:37,1049,302686,43.2,2.0,0.0,0.0
6376903,2022-07-03 15:13:48,2683,386618,20.15,2.0,0.0,0.0
6376904,2022-07-03 15:11:46,2073,182958,17.42,2.0,0.0,0.0
6376906,2022-07-03 15:12:05,2965,359470,18.64,3.0,0.0,0.0
6376907,2022-07-03 15:12:20,1997,187370,22.0,3.0,0.0,0.0
6376908,2022-07-03 15:12:09,806,338760,49.52,3.0,4.35,0.0
6376909,2022-07-03 15:12:12,586,174933,18.16,3.5,0.0,0.0
6376912,2022-07-03 15:12:22,1509,131838,18.12,3.0,0.0,0.0
6376950,2022-07-03 15:14:21,1927,321405,19.9,2.0,0.0,0.0
6376913,2022-07-03 15:12:19,1905,75193,17.4,3.0,0.0,0.0
6974236,2022-08-22 16:53:21,3197,412812,12.68,0.0,0.0,0.0
6376916,2022-07-03 15:12:30,1564,125505,51.67,3.0,0.0,0.0
6376917,2022-07-03 15:12:53,1631,118312,26.13,3.0,0.0,0.0
6376918,2022-07-03 15:12:59,892,72533,71.34,3.0,0.0,0.0
6376919,2022-07-03 15:12:35,1982,378262,19.58,3.5,0.0,0.0
6376920,2022-07-03 15:12:39,1343,316278,21.85,0.0,0.0,0.0
6376921,2022-07-03 15:12:56,2477,49064,20.16,3.0,0.0,0.0
6376922,2022-07-03 15:12:49,1107,174517,17.76,3.0,4.01,0.0
6376923,2022-07-03 15:13:19,997,44588,21.7,3.0,0.0,0.0
6376924,2022-07-03 15:13:05,1383,54923,50.85,3.75,5.93,0.0
6376925,2022-07-03 15:14:15,2683,278642,27.22,2.0,0.0,0.0
6376926,2022-07-03 15:13:23,1020,281082,15.08,3.0,0.15,0.0
6376927,2022-07-03 15:13:15,115,26783,17.25,2.5,0.0,0.0
6376928,2022-07-03 15:13:18,2299,286460,12.3,3.5,0.0,0.0
6376931,2022-07-03 15:13:43,1323,99386,33.89,3.0,0.0,0.0
6376932,2022-07-03 15:13:34,987,27075,32.39,3.0,0.0,0.0
6376933,2022-07-03 15:13:32,2543,182965,49.63,3.0,0.0,0.0
6376934,2022-07-03 15:14:23,2702,365990,21.24,3.0,0.0,0.0
6376935,2022-07-03 15:13:51,2272,254442,38.02,0.99,0.0,0.0
6376937,2022-07-03 15:13:53,998,39042,15.88,3.0,0.0,0.0
6376938,2022-07-03 15:13:54,997,74135,16.52,3.0,0.0,0.0
6376939,2022-07-03 15:14:43,2560,309585,17.81,0.0,0.0,0.0
6376940,2022-07-03 15:14:34,2518,313077,49.62,3.0,0.0,0.0
6376941,2022-07-03 15:14:07,1856,359142,23.0,3.0,0.0,0.0
6376944,2022-07-03 15:15:43,208,185076,23.41,2.99,0.0,0.0
6376945,2022-07-03 15:14:21,2026,219252,55.69,3.0,0.0,0.0
6376946,2022-07-03 15:14:24,1402,98198,38.99,3.0,0.0,0.0
6376948,2022-07-03 15:14:20,2656,299246,36.84,0.0,0.0,0.0
6376949,2022-07-03 15:15:01,30,364613,12.11,3.0,0.0,0.0
6376951,2022-07-03 15:14:45,2318,368815,43.32,3.99,0.0,0.0
6376952,2022-07-03 15:14:47,1119,69604,44.45,0.0,2.39,0.0
6376954,2022-07-03 15:14:44,1826,289783,18.4,2.0,0.0,0.0
6376956,2022-07-03 15:14:51,995,75502,32.7,3.0,1.45,0.0
6376957,2022-07-03 15:14:56,1518,298248,8.72,3.0,0.0,0.0
6376958,2022-07-03 15:15:14,2974,386619,12.19,3.0,1.77,0.0
6376959,2022-07-03 15:15:16,2656,349940,9.16,0.0,0.0,0.0
6376960,2022-07-03 15:15:33,1869,58906,25.91,3.0,0.0,0.0
6376961,2022-07-03 15:15:58,2330,37315,33.49,2.0,1.35,0.0
6376963,2022-07-03 15:16:04,1210,371410,20.22,3.0,0.0,0.0
6376964,2022-07-03 15:15:42,1477,90866,21.52,1.99,0.0,0.0
6376965,2022-07-03 15:15:45,1389,162412,28.25,2.5,1.99,0.0
6974237,2022-08-22 16:53:21,2573,172041,14.42,2.0,0.0,0.0
6376967,2022-07-03 15:15:54,1927,296428,18.52,2.0,0.0,0.0
6376971,2022-07-03 15:16:38,1858,349979,22.04,2.0,0.3,0.0
6376972,2022-07-03 15:16:27,2272,386620,0.0,0.99,0.0,0.0
6376973,2022-07-03 15:16:52,1109,77734,16.41,3.0,2.05,0.0
6376974,2022-07-03 15:16:56,1509,287551,23.93,3.0,0.0,0.0
6376975,2022-07-03 15:16:57,2910,340174,18.4,0.0,0.0,0.0
6376976,2022-07-03 15:17:04,2726,319587,21.27,2.0,0.0,0.0
6376977,2022-07-03 15:17:35,1631,121437,28.9,3.0,0.0,0.0
6376978,2022-07-03 15:17:17,1340,79115,26.4,3.0,0.0,0.0
6376979,2022-07-03 15:17:37,2488,161056,8.59,2.0,0.0,0.0
6376982,2022-07-03 15:17:31,2267,223126,15.46,3.0,0.0,0.0
6376984,2022-07-03 15:18:12,2701,273945,18.91,3.0,0.0,0.0
6376985,2022-07-03 15:20:46,998,161984,39.94,3.0,0.0,0.0
6376986,2022-07-03 15:17:43,1062,214845,36.15,3.0,0.5,0.0
6376988,2022-07-03 15:17:50,1123,248859,16.69,3.0,2.08,0.0
6974238,2022-08-22 16:53:50,2330,83152,28.3,2.0,0.0,0.0
6376991,2022-07-03 15:17:34,2471,386621,26.87,0.0,0.0,0.0
6376992,2022-07-03 15:19:13,2272,272721,27.92,0.99,0.0,0.0
6376994,2022-07-03 15:18:18,1049,354325,13.87,2.0,0.0,0.0
6974239,2022-08-22 16:54:39,1409,98284,35.89,2.5,0.0,0.0
6376996,2022-07-03 15:18:15,1041,343378,38.41,3.0,0.0,0.0
6376998,2022-07-03 15:17:56,2308,270972,9.03,3.0,0.0,0.0
6376999,2022-07-03 15:18:00,2656,372071,12.97,0.0,0.0,0.0
6377001,2022-07-03 15:18:13,1791,184350,20.79,3.0,0.0,0.0
6377003,2022-07-03 15:18:35,2317,386622,15.99,3.0,0.0,0.0
6377005,2022-07-03 15:18:49,2807,383787,22.55,3.0,0.04,0.0
6377007,2022-07-03 15:18:54,1342,129186,27.45,0.0,0.05,0.0
6377008,2022-07-03 15:19:45,1341,234124,15.13,3.0,0.0,0.0
6377009,2022-07-03 15:19:04,1856,150770,13.6,3.0,0.0,0.0
6377010,2022-07-03 15:18:48,2656,386623,13.19,0.0,0.0,0.0
6377011,2022-07-03 15:20:46,1388,303730,39.16,3.0,0.0,0.0
6377030,2022-07-03 15:20:29,992,386626,17.28,3.0,0.0,0.0
6377012,2022-07-03 15:19:10,2965,14143,40.87,3.0,0.0,0.0
6377013,2022-07-03 15:20:17,892,386624,20.54,3.0,0.0,0.0
6974240,2022-08-22 16:53:31,2227,388954,14.61,0.0,0.0,0.0
6377015,2022-07-03 15:19:53,1401,57667,16.42,3.0,0.0,0.0
6377017,2022-07-03 15:20:44,2242,342864,14.77,3.0,0.0,0.0
6377018,2022-07-03 15:19:42,1887,141670,14.13,2.5,0.0,0.0
6377019,2022-07-03 15:19:39,1367,80345,15.32,0.0,0.0,0.0
6377020,2022-07-03 15:19:44,2646,324048,10.32,3.0,0.0,0.0
6377023,2022-07-03 15:19:54,2057,344942,8.82,3.0,0.0,0.0
6377024,2022-07-03 15:19:39,1858,266708,22.95,2.0,0.0,0.0
6377025,2022-07-03 15:19:44,1366,255970,22.27,0.85,0.0,0.0
6377026,2022-07-03 15:19:55,1388,115492,32.12,3.0,0.0,0.0
6377027,2022-07-03 15:19:56,2241,309736,17.81,2.0,0.0,0.0
6377028,2022-07-03 15:19:52,2227,386625,7.55,1.99,0.0,0.0
6377029,2022-07-03 15:19:47,1022,48411,12.24,3.0,0.0,0.0
6377031,2022-07-03 15:20:01,1295,164234,12.48,2.0,0.0,0.0
6377032,2022-07-03 15:19:54,1434,62734,24.4,7.0,0.0,0.0
6377034,2022-07-03 15:20:02,2240,266107,44.17,3.0,0.0,0.0
6377037,2022-07-03 15:20:10,2436,20827,33.96,3.0,0.0,0.0
6377038,2022-07-03 15:20:19,1107,45302,14.22,3.0,0.0,0.0
6377040,2022-07-03 15:20:20,1518,144010,23.59,3.0,0.0,0.0
6377041,2022-07-03 15:20:23,892,371445,15.54,3.0,2.35,0.0
6377042,2022-07-03 15:20:39,2477,290744,39.05,3.0,0.0,0.0
6377043,2022-07-03 15:20:40,1152,74574,28.22,3.25,0.55,0.0
6377044,2022-07-03 15:20:27,1402,358287,19.48,3.5,0.0,0.0
6377045,2022-07-03 15:22:46,988,297697,18.82,3.0,0.5,0.0
6377046,2022-07-03 15:20:47,2680,187777,17.36,2.5,0.0,0.0
6377049,2022-07-03 15:20:32,2272,372648,29.17,0.99,0.0,0.0
6377050,2022-07-03 15:20:50,1893,172973,22.51,1.49,2.18,0.0
6377051,2022-07-03 15:22:37,1366,275364,26.07,2.49,0.0,0.0
6377052,2022-07-03 15:21:07,1944,155203,34.46,2.95,0.0,0.0
6377053,2022-07-03 15:21:30,1900,278414,7.42,2.0,0.0,0.0
6377057,2022-07-03 15:21:17,2680,321903,11.09,2.5,0.0,0.0
6377058,2022-07-03 15:21:57,1995,218965,46.64,3.0,0.0,0.0
6377060,2022-07-03 15:21:24,1006,205153,20.49,3.0,0.5,0.0
6377061,2022-07-03 15:21:35,1280,53162,11.54,3.0,0.0,0.0
6377062,2022-07-03 15:21:29,1434,166587,16.25,2.5,0.0,0.0
6377063,2022-07-03 15:22:56,1944,320162,29.13,2.95,0.0,0.0
6377064,2022-07-03 15:22:48,2337,63815,28.93,3.0,0.0,0.0
6377066,2022-07-03 15:22:12,2823,382198,18.48,3.0,0.0,0.0
6377067,2022-07-03 15:22:27,1518,372817,42.67,3.0,0.0,0.0
6377069,2022-07-03 15:21:43,787,278245,10.07,3.0,0.0,0.0
6377070,2022-07-03 15:22:14,1077,106432,27.07,3.0,0.0,0.0
6377072,2022-07-03 15:22:22,2308,237806,10.94,3.0,0.0,0.0
6377075,2022-07-03 15:22:01,1563,122752,24.04,2.0,0.0,0.0
6377077,2022-07-03 15:22:30,2241,345124,29.78,1.0,0.0,0.0
6377078,2022-07-03 15:22:59,1049,82265,12.62,2.0,0.0,0.0
6377081,2022-07-03 15:22:36,2628,81493,34.57,3.0,0.0,0.0
6377082,2022-07-03 15:23:01,1099,386627,33.09,3.0,0.0,0.0
6377084,2022-07-03 15:22:57,1872,120114,44.0,3.5,0.0,0.0
6377085,2022-07-03 15:22:56,1536,316834,29.96,3.0,0.0,0.0
6377086,2022-07-03 15:22:56,2085,360969,19.44,3.0,0.0,0.0
6377089,2022-07-03 15:23:15,1944,172066,14.46,2.95,0.0,0.0
6377090,2022-07-03 15:23:08,2227,374292,18.54,2.99,0.51,0.0
6377091,2022-07-03 15:23:30,1770,315888,39.8,3.0,10.0,0.0
6974243,2022-08-22 16:53:37,1205,230771,11.46,3.0,0.0,0.0
6377093,2022-07-03 15:23:37,992,82731,29.99,3.0,3.29,0.0
6377094,2022-07-03 15:23:35,1422,32798,25.79,3.0,0.0,0.0
6377095,2022-07-03 15:23:36,1401,214469,14.28,3.0,0.0,0.0
6377096,2022-07-03 15:23:46,2322,386628,17.64,3.0,0.0,0.0
6377097,2022-07-03 15:23:26,2197,191249,29.34,3.0,0.0,0.0
6377098,2022-07-03 15:23:34,1203,345526,11.53,3.0,0.0,0.0
6377099,2022-07-03 15:23:47,1422,113612,26.52,3.0,0.0,0.0
6377100,2022-07-03 15:23:43,1631,45664,21.73,3.0,0.0,0.0
6377101,2022-07-03 15:24:33,2314,386629,27.62,3.0,0.0,0.0
6377103,2022-07-03 15:24:22,997,84629,31.86,3.0,0.0,0.0
6377104,2022-07-03 15:25:15,1791,163205,23.94,3.0,0.0,0.0
6377105,2022-07-03 15:24:06,1367,94183,43.03,0.0,0.0,0.0
6974244,2022-08-22 16:53:37,2272,396605,23.52,1.99,0.0,0.0
6377110,2022-07-03 15:24:18,1947,152523,19.58,3.0,0.56,0.0
6377113,2022-07-03 15:24:32,1950,305862,20.02,3.0,0.0,0.0
6377114,2022-07-03 15:24:31,2435,307555,20.99,3.0,0.0,0.0
6377115,2022-07-03 15:24:51,2246,2285,38.9,3.0,0.0,0.0
6377117,2022-07-03 15:24:46,1315,46976,25.11,5.0,0.0,0.0
6377118,2022-07-03 15:24:53,1317,60604,24.61,0.0,0.0,0.0
6377121,2022-07-03 15:25:21,1047,263366,44.35,3.0,0.0,0.0
6377123,2022-07-03 15:25:13,1206,238909,24.22,3.0,0.0,0.0
6377124,2022-07-03 15:25:20,988,68091,16.69,3.0,1.35,0.0
6377125,2022-07-03 15:25:35,1770,245303,11.72,3.0,0.0,0.0
6377126,2022-07-03 15:25:54,1125,260125,11.89,3.0,0.0,0.0
6377127,2022-07-03 15:26:43,2656,361895,20.94,0.0,0.0,0.0
6377128,2022-07-03 15:26:06,30,17350,23.23,3.0,0.0,0.0
6377129,2022-07-03 15:25:47,1319,55157,21.58,3.5,0.0,0.0
6377131,2022-07-03 15:26:07,30,98867,37.03,3.0,0.0,0.0
6377132,2022-07-03 15:26:19,1378,69224,34.03,4.0,2.89,0.0
6377133,2022-07-03 15:26:33,2965,14767,27.74,3.0,0.0,0.0
6377134,2022-07-03 15:28:47,1137,356554,24.0,3.0,0.0,0.0
6377135,2022-07-03 15:25:55,995,183808,23.57,3.0,0.0,0.0
6377136,2022-07-03 15:26:08,30,44151,9.16,3.0,0.0,0.0
6377228,2022-07-03 15:32:34,1563,380426,28.93,2.0,0.0,0.0
6377138,2022-07-03 15:26:21,1049,184390,35.59,2.0,0.0,0.0
6377139,2022-07-03 15:27:58,2272,386630,25.4,0.99,0.0,0.0
6377140,2022-07-03 15:26:38,1944,214723,66.88,2.95,0.0,0.0
6377141,2022-07-03 15:27:23,3066,368959,20.22,3.0,0.0,0.0
6377143,2022-07-03 15:26:33,1574,216543,44.36,3.0,0.0,0.0
6377144,2022-07-03 15:26:41,1927,239933,13.83,2.0,0.0,0.0
6377145,2022-07-03 15:26:37,1097,304986,5.33,0.0,0.0,0.0
6377146,2022-07-03 15:26:57,1130,371173,23.15,3.0,0.0,0.0
6377148,2022-07-03 15:27:50,2085,344909,22.09,3.0,0.0,0.0
6377150,2022-07-03 15:27:05,1840,72984,22.56,3.0,0.0,0.0
6377152,2022-07-03 15:27:32,2911,273825,24.76,0.0,0.0,0.0
6377153,2022-07-03 15:27:09,1084,155341,13.92,3.0,0.0,0.0
6377154,2022-07-03 15:27:31,986,317508,13.93,3.0,0.1,0.0
6377155,2022-07-03 15:27:45,2259,284572,34.08,3.0,0.0,0.0
6377156,2022-07-03 15:27:40,2963,314356,46.9,3.0,4.25,0.0
6377157,2022-07-03 15:27:44,2683,260946,26.27,2.0,0.0,0.0
6377158,2022-07-03 15:28:27,2614,362492,13.4,2.5,0.0,0.0
6377160,2022-07-03 15:28:13,2227,345466,18.12,1.99,0.71,0.0
6377161,2022-07-03 15:29:18,1097,370088,11.3,0.0,0.0,0.0
6377162,2022-07-03 15:27:55,1621,131128,21.56,2.95,0.0,0.0
6377163,2022-07-03 15:28:15,1742,201463,16.15,3.99,0.0,0.0
6377164,2022-07-03 15:28:00,950,105329,16.23,3.0,0.0,0.0
6377165,2022-07-03 15:28:19,1944,178714,19.26,2.95,0.0,0.0
6377166,2022-07-03 15:28:01,1900,60652,20.04,2.0,0.0,0.0
6377167,2022-07-03 15:28:14,2551,386631,15.62,3.0,0.0,0.0
6377168,2022-07-03 15:28:15,2628,82234,29.69,3.0,0.0,0.0
6377169,2022-07-03 15:28:58,1759,386632,21.43,2.0,1.45,0.0
6377171,2022-07-03 15:29:17,1930,360485,21.91,3.0,0.0,0.0
6377172,2022-07-03 15:28:42,1341,311357,28.6,3.0,0.0,0.0
6377173,2022-07-03 15:28:54,2579,172925,20.07,2.0,0.0,0.0
6377174,2022-07-03 15:28:50,1759,250274,16.7,2.0,0.0,0.0
6377176,2022-07-03 15:28:41,2543,54716,11.88,3.0,0.0,0.0
6377177,2022-07-03 15:29:23,1569,205292,18.61,3.0,5.0,0.0
6377178,2022-07-03 15:28:44,371,10970,24.38,3.5,0.0,0.0
6377180,2022-07-03 15:30:03,787,308308,74.71,3.0,3.99,0.0
6377181,2022-07-03 15:29:05,1187,219494,22.56,3.0,1.25,0.0
6377182,2022-07-03 15:29:03,1006,373796,14.85,3.0,0.0,0.0
6377183,2022-07-03 15:29:13,2579,56899,23.12,2.0,0.0,0.0
6377184,2022-07-03 15:29:19,2745,384499,31.82,0.0,0.0,0.0
6377185,2022-07-03 15:30:08,2963,51984,28.44,3.0,0.0,0.0
6377186,2022-07-03 15:29:11,787,78968,8.84,3.0,0.0,0.0
6377187,2022-07-03 15:31:48,1068,386633,16.66,2.0,0.0,0.0
6377188,2022-07-03 15:35:10,2471,322717,12.14,1.99,0.0,0.0
6377189,2022-07-03 15:30:06,1282,81807,11.28,3.0,2.99,0.0
6377190,2022-07-03 15:29:46,1839,386634,26.76,3.0,1.49,0.0
6377191,2022-07-03 15:29:56,2810,322335,10.6,0.0,0.0,0.0
6377193,2022-07-03 15:29:54,1049,165982,18.52,2.0,0.0,0.0
6377194,2022-07-03 15:30:01,1186,120101,36.53,3.0,0.38,0.0
6377195,2022-07-03 15:30:12,2138,379355,27.59,4.0,0.75,0.0
6377196,2022-07-03 15:30:41,2283,282960,26.45,3.0,0.0,0.0
6377197,2022-07-03 15:35:11,892,386635,20.02,3.0,0.0,0.0
6377198,2022-07-03 15:33:08,1097,56304,36.58,0.0,0.0,0.0
6974245,2022-08-22 16:54:00,1275,149709,55.95,0.0,0.0,0.0
6377201,2022-07-03 15:30:35,1074,313939,28.12,3.25,0.0,0.0
6377202,2022-07-03 15:30:57,2965,172911,14.94,3.0,0.0,0.0
6377204,2022-07-03 15:31:17,3134,130595,5.55,2.0,0.0,0.0
6377205,2022-07-03 15:31:24,998,142111,9.63,3.0,0.0,0.0
6377206,2022-07-03 15:31:52,982,386636,21.47,3.0,0.0,0.0
6377207,2022-07-03 15:31:24,2851,194990,30.26,2.5,0.0,0.0
6377208,2022-07-03 15:31:26,1022,38110,31.39,3.0,0.0,0.0
6377209,2022-07-03 15:31:43,1402,276732,28.62,3.5,0.0,0.0
6377211,2022-07-03 15:31:33,997,194469,14.38,3.0,0.0,0.0
6377212,2022-07-03 15:31:37,2807,375533,18.85,3.0,0.0,0.0
6377213,2022-07-03 15:31:46,969,351730,15.69,3.0,0.0,0.0
6377214,2022-07-03 15:31:42,2560,268403,7.44,0.0,0.0,0.0
6377215,2022-07-03 15:31:40,1341,70969,20.9,3.0,0.0,0.0
6377216,2022-07-03 15:31:40,1409,72872,16.0,2.5,0.0,0.0
6377217,2022-07-03 15:32:06,1622,386637,55.15,3.0,0.0,0.0
6377220,2022-07-03 15:32:03,1319,70459,30.92,3.5,0.0,0.0
6377221,2022-07-03 15:31:59,2272,95703,27.81,0.99,0.0,0.0
6377222,2022-07-03 15:32:03,2642,384119,14.66,1.99,0.0,0.0
6377223,2022-07-03 15:32:21,1203,190116,33.99,3.0,0.0,0.0
6377224,2022-07-03 15:33:09,1084,229499,13.66,3.0,0.0,0.0
6377225,2022-07-03 15:32:20,2432,249070,41.06,3.99,0.2,0.0
6377226,2022-07-03 15:32:21,1402,59057,24.28,3.0,0.25,0.0
6377227,2022-07-03 15:32:27,1341,25131,48.88,3.0,0.0,0.0
6377230,2022-07-03 15:32:36,2726,272203,36.34,2.0,0.0,0.0
6377232,2022-07-03 15:32:27,2227,385666,9.66,1.99,0.0,0.0
6377233,2022-07-03 15:32:38,1341,383310,21.58,3.0,0.0,0.0
6377234,2022-07-03 15:32:51,371,7512,21.74,3.5,0.0,0.0
6377235,2022-07-03 15:34:08,787,273767,32.34,3.0,0.0,0.0
6377236,2022-07-03 15:32:42,1944,11157,15.87,2.95,0.0,0.0
6377237,2022-07-03 15:32:49,2197,334887,20.83,3.0,0.0,0.0
6377238,2022-07-03 15:32:51,1131,207729,17.79,2.0,0.0,0.0
6377239,2022-07-03 15:33:07,1047,302869,59.88,3.0,0.0,0.0
6377241,2022-07-03 15:33:10,806,10024,19.39,3.0,0.0,0.0
6377242,2022-07-03 15:33:15,2543,360068,9.55,3.0,0.0,0.0
6377244,2022-07-03 15:33:10,988,29511,52.76,3.0,2.7,0.0
6377246,2022-07-03 15:33:49,1482,70359,25.12,3.0,0.0,0.0
6377247,2022-07-03 15:33:58,2227,252672,9.02,1.99,0.0,0.0
6377249,2022-07-03 15:33:20,1063,303217,18.13,3.0,0.0,0.0
6377250,2022-07-03 15:33:48,1060,32260,48.02,3.0,6.98,0.0
6377252,2022-07-03 15:33:34,1006,178656,20.87,3.0,0.0,0.0
6377253,2022-07-03 15:33:36,1930,101081,17.66,3.0,0.0,0.0
6377254,2022-07-03 15:33:42,1482,290964,17.93,3.0,0.0,0.0
6377255,2022-07-03 15:33:48,1929,200029,15.95,0.0,0.0,0.0
6377256,2022-07-03 15:33:55,787,203679,20.76,3.0,0.0,0.0
6377257,2022-07-03 15:34:10,1840,63899,19.18,3.0,0.0,0.0
6377258,2022-07-03 15:33:47,2396,340409,21.16,3.0,0.0,0.0
6377259,2022-07-03 15:33:53,1105,102683,14.27,1.99,0.0,0.0
6377260,2022-07-03 15:34:03,1295,165736,35.87,2.0,0.0,0.0
6377261,2022-07-03 15:34:04,1569,362747,24.68,3.0,0.0,0.0
6377262,2022-07-03 15:34:12,806,223992,39.86,3.0,0.0,0.0
6377263,2022-07-03 15:35:09,2293,377031,40.18,3.0,0.0,0.0
6377264,2022-07-03 15:34:12,1187,90601,46.89,3.0,0.0,0.0
6377265,2022-07-03 15:34:13,1066,384828,16.82,4.0,0.0,0.0
6377266,2022-07-03 15:34:56,806,14132,42.52,3.0,0.0,0.0
6377269,2022-07-03 15:34:28,2311,286797,7.47,2.5,0.0,0.0
6377270,2022-07-03 15:34:52,987,213888,19.28,3.0,0.0,0.0
6377271,2022-07-03 15:35:01,1999,179031,20.04,3.0,0.0,0.0
6377272,2022-07-03 15:34:49,1068,362850,53.39,2.0,1.01,0.0
6377273,2022-07-03 15:34:46,1856,323350,19.34,3.0,0.0,0.0
6377274,2022-07-03 15:35:00,1074,293511,40.69,3.25,0.0,0.0
6377275,2022-07-03 15:34:49,1856,317881,29.52,2.0,0.0,0.0
6377276,2022-07-03 15:34:51,2642,325927,20.24,1.99,0.0,0.0
6377279,2022-07-03 15:36:04,1509,30384,20.19,3.0,1.99,0.0
6377281,2022-07-03 15:35:39,2910,95265,15.39,0.0,0.0,0.0
6377283,2022-07-03 15:35:33,2965,386638,32.4,3.0,0.0,0.0
6377285,2022-07-03 15:35:42,3090,243011,17.8,0.0,0.0,0.0
6377286,2022-07-03 15:36:10,1084,140343,16.98,3.0,0.0,0.0
6377287,2022-07-03 15:37:16,2947,340217,18.72,3.0,0.0,0.0
6377288,2022-07-03 15:36:25,1939,349933,19.86,3.0,0.0,0.0
6377289,2022-07-03 15:35:56,2272,210885,18.16,0.99,0.0,0.0
6377290,2022-07-03 15:36:27,1631,154478,20.98,3.0,0.0,0.0
6377291,2022-07-03 15:35:50,1389,51834,29.91,2.5,0.0,0.0
6377292,2022-07-03 15:38:34,2056,385946,12.15,3.0,0.0,0.0
